name,alt_names,ra_deg,dec_deg,t0_utc,t0_met,t0_precision,in_fermi_era,time_type,time_value,time_scale,redshift,dist_note,class,subclass,gold,radio_loud,xray_loud,spec_confirmed,sample_paper,coord_source,time_source,z_source,merged_from,verification,notes,tier,tier_note,timing_quality,min_window_s,tier_role
CSS161010,CRTS CSS161010 J045834-081803; no TNS/AT designation found (TNS internal-name search returned no results; it is NOT AT2016jbu),74.643317,-8.301097,2016-10-10T00:00:00.000,497750404.00,day,y,discovery,2016-10-10,UTC-ISO,0.0336,~150 Mpc (Coppejans+2020),LFBOT_gold,AT2018cow-like,y,y,y,y,Coppejans+2020 (arXiv:2003.10503); Gutierrez+2024 (arXiv:2408.04698),"VLA radio position RA=04:58:34.396+/-0.004 dec=-08:18:03.95+/-0.03 (Coppejans+2020, arXiv:2003.10503)",Discovered by CRTS on 2016 October 10 (Coppejans+2020); day precision only,Host spectroscopy z=0.0336+/-0.0011 (Coppejans+2020); Dong et al. z=0.034+/-0.001,gold_lfbots,VERIFIED,X-ray: Chandra Lx~5e39 erg/s. Radio: Lnu~1e29 erg/s/Hz peaking ~100 d; mildly relativistic outflow. Peak M_V=-20.66+/-0.06 in 3.8 d (Gutierrez+2024).,G1,secure engine LFBOT,day,100000,primary
AT2018cow,ATLAS18qqn; SN 2018cow,244.000934,22.268025,2018-06-16T10:35:38.000,550838143.00,subday,y,first_detection,2018-06-16T10:35:38,UTC-ISO,0.014145,"66+/-5 Mpc (Prentice+2018, H0=73); 62 Mpc used by Bietenholz+2020",LFBOT_gold,AT2018cow-like,y,y,y,y,Prentice+2018 (arXiv:1807.05965); Margutti+2019 (arXiv:1810.10720); Perley+2019 (arXiv:1808.00969),"VLBI radio position, Bietenholz+2020 MNRAS (arXiv:1911.08778); TNS: 244.000917 +22.268031",ATLAS first detection MJD 58285.44141 (Prentice+2018); TNS discovery timestamp 2018-06-16 10:35:02,SDSS host spectrum of CGCG 137-068 (Prentice+2018); TNS z=0.014,gold_lfbots,VERIFIED,Prototype LFBOT. X-ray: luminous variable soft X-rays + hard >10 keV component (Margutti+2019). Radio: bright radio/mm (Margutti+2019). Explosion epoch MJD 58284.3; ASAS-SN non-detection MJD 58284.13 (Prentice+2018). TNS type SN Ic-BL.,G1,secure engine LFBOT,subday,10,primary
AT2018lug,ZTF18abvkwla; Koala,30.063307,16.799255,2018-09-12T09:46:48.000,558438413.00,subday,y,first_detection,2018-09-12T09:46:48,UTC-ISO,0.2714,,LFBOT_gold,AT2018cow-like,y,y,n,y,Ho+2020 (arXiv:2003.01222),TNS (ZTF); paper position 02h00m15.19s +16d47m57.3s (Ho+2020),ZTF first detection MJD 58373.4075 = 2018-09-12 09:46:48.00 (Ho+2020); same as TNS discovery timestamp; last non-detection MJD 58372.4206,Host emission lines z=0.2714 (Ho+2020); TNS host z 0.2714,gold_lfbots;ho23_ztf,VERIFIED,"Radio: VLA 10 GHz 0.364+/-0.006 mJy at dt~81 d; nuLnu>~1e40 erg/s. X-ray: none - 'X-ray observations, which were not obtained for ZTF18abvkwla' (Ho+2020); radio-loud only.",G1,secure engine LFBOT,subday,10,primary
AT2020mrf,ZTF20abfhyil; ATLAS20paa; SRGe J154754.2+443907; SN 2020mrf (TNS),236.975679,44.652059,2020-06-12T06:14:12.000,613635257.00,subday,y,first_detection,2020-06-12T06:14:12,UTC-ISO,0.1353,,LFBOT_gold,AT2018cow-like,y,y,y,y,Yao+2022 (arXiv:2112.00751),TNS; ZTF median alert position 15h47m54.17s +44d39m07.34s (Yao+2022); Chandra X-ray position 15h47m54.18s +44d39m07.16s,ZTF first detection 2020-06-12T06:14:12 = MJD 59012.2599 (Yao+2022); TNS discovery timestamp (ATLAS report) 2020-06-15 08:55:40.8; last non-detection MJD 59011.4252,Host emission-line fit z=0.1353+/-0.0002 (Yao+2022); TNS z=0.058809 is WRONG-host value from initial SNII classification report - see notes,gold_lfbots,VERIFIED,"X-ray: SRG/eROSITA Lx~2e43 erg/s at 35-37 d; Chandra Lx~1e42 at 328 d. Radio: nuLnu=1.2e39 erg/s at rest 7.4 GHz, 261 d (Yao+2022). TNS page z (0.0588) and SNII type stem from early misclassification vs 2MASX galaxy 129 kpc away; adopt Yao+2022.",G1,secure engine LFBOT,subday,10,primary
AT2020xnd,ZTF20acigmel; Camel,335.008458,-2.840361,2020-10-12T04:06:03.000,624168368.00,subday,y,discovery,2020-10-12T04:06:03,UTC-ISO,0.2433,,LFBOT_gold,AT2018cow-like,y,y,y,y,Perley+2021 (arXiv:2103.01968); Ho+2022 (arXiv:2110.05490); Bright+2022 (arXiv:2110.05514),TNS (ZTF),"TNS discovery timestamp 2020-10-12 04:06:03.168 (ZTF real-time discovery, Perley+2021)","z=0.2433 (Ho+2022, arXiv:2110.05490); z=0.243 (Perley+2021)",gold_lfbots;ho23_ztf,VERIFIED,"Radio/mm: Lnu~2e30 erg/s/Hz at 100 GHz (Ho+2022). X-ray: Lx~1e43 erg/s (Ho+2022). 'extremely luminous radio, millimetre, and X-ray emission' (Perley+2021).",G1,secure engine LFBOT,subday,10,primary
AT2022tsd,ZTF22abftjko; Tasmanian devil,50.045264,8.748787,2022-09-07T11:21:22.000,684242487.00,subday,y,discovery,2022-09-07T11:21:22,UTC-ISO,0.256,,LFBOT_gold,AT2018cow-like,y,y,y,y,Ho+2023 Nature (arXiv:2311.10195); Matthews+2023 RNAAS (arXiv:2306.01114),TNS (ZTF/ALeRCE): 50.0452635724 +8.748787337,TNS discovery timestamp 2022-09-07 11:21:22 (ZTF); AstroNote 2022-199: 'on 2022 Sep. 7 UT by ZTF at r = 20.36',"Keck/LRIS: galaxy at z=0.256 (TNS AstroNote 2022-199, Ho et al.); Nature paper z=0.2564",gold_lfbots,VERIFIED,"X-ray: Swift 4.8e-13 erg/cm2/s (AstroNote 2022-207); Lx~1e44 erg/s, most luminous FBOT (Matthews+2023). Radio: VLA Ku-band detection (AstroNote 2022-205, referenced in 2022-207). Minutes-duration optical flares (Ho+2023).",G1,secure engine LFBOT,subday,10,primary
AT2022abfc,ZTF22abvrxkk,72.829987,-26.978222,2022-11-21T08:15:22.000,690711327.00,subday,y,discovery,2022-11-21T08:15:22,UTC-ISO,0.212,,LFBOT_gold,AT2018cow-like,y,y,n,y,Sevilla+2026 (arXiv:2601.18926),TNS (ZTF): 72.8299871 -26.9782216,TNS discovery timestamp 2022-11-21 08:15:21.600 (ZTF),Sevilla+2026 (arXiv:2601.18926) Table 1,gold_lfbots;ho23_ztf;recent_sweep,VERIFIED,"Radio: VLA detections at 3/6/10/16/33 GHz; GMRT non-detection (Sevilla+2026). X-ray: Swift XRT non-detection, upper limits only (Sevilla+2026). Spectroscopic confirmation of z not independently verified.",G1,secure engine LFBOT,subday,10,primary
AT2023fhn,ZTF23aaeozpp; ATLAS23hnk; Finch,152.015897,21.074153,2023-04-10T04:53:46.000,702795231.00,subday,y,discovery,2023-04-10T04:53:46,UTC-ISO,0.238,,LFBOT_gold,AT2018cow-like,y,y,y,y,Chrimes+2024 MNRASL (arXiv:2307.01771); Chrimes+2024b (arXiv:2406.13821),TNS (ZTF): 152.0158965 +21.0741526,TNS discovery timestamp 2023-04-10 04:53:45.600 (ZTF); Sevilla+2026 Table 1 lists 2023-04-12 05:22:39,z=0.238 adopted in Chrimes+2024b (arXiv:2406.13821); 'both at a redshift of 0.24' (Chrimes+2024 MNRASL),gold_lfbots;ho23_ztf,VERIFIED,"X-ray: Chandra detection, flux (7.6+2.2-1.8)e-15 erg/s/cm2 at ~15 d (Chrimes+2024b); Swift non-detection (Sevilla+2026). Radio: VLA + GMRT detections (Sevilla+2026); 87.6 GHz 110+/-8 uJy (Chrimes+2024b). Large offset >3.5 half-light radii from nearest galaxies.",G1,secure engine LFBOT,subday,10,primary
AT2023hkw,ZTF23aaimsja,160.573965,52.488702,2023-05-01T04:46:34.000,704609199.00,subday,y,discovery,2023-05-01T04:46:34,UTC-ISO,0.339,z=0.343 in Jayaraman+2026 census,LFBOT_gold,AT2018cow-like,y,y,n,y,Sevilla+2026 (arXiv:2601.18926),TNS (ZTF): 160.5739646 +52.4887015,TNS discovery timestamp 2023-05-01 04:46:33.600 (ZTF); Sevilla+2026 Table 1 lists 2023-04-30 04:08:52 (discrepancy noted),Sevilla+2026 (arXiv:2601.18926) Table 1,gold_lfbots;ho23_ztf;recent_sweep,VERIFIED,"Radio: VLA detections at multiple frequencies; GMRT non-detection (Sevilla+2026). X-ray: Swift XRT non-detection, upper limits only. Highest-z gold LFBOT. Spectroscopic confirmation of z not independently verified.",G1,secure engine LFBOT,subday,10,primary
AT2023vth,ZTF23ableqsp,269.143338,8.043701,2023-10-18T02:47:02.000,719290027.00,subday,y,discovery,2023-10-18T02:47:02,UTC-ISO,0.0747,,LFBOT_gold,AT2018cow-like,y,y,n,y,Sevilla+2026 (arXiv:2601.18926),TNS (ZTF): 269.1433378 +8.0437008,TNS discovery timestamp 2023-10-18 02:47:02.400 (ZTF); Sevilla+2026 Table 1 lists 2023-10-20 03:08:39 (discrepancy noted),TNS z=0.0747 (classified FBOT on TNS 2023-11-21); Sevilla+2026 Table 1 z=0.0747,gold_lfbots;ho23_ztf;recent_sweep,VERIFIED,"TNS classification: FBOT. Radio: VLA + GMRT + NOEMA detections (Sevilla+2026). X-ray: Swift XRT non-detection, upper limits only.",G1,secure engine LFBOT,subday,10,primary
AT2024qfm,ZTF24aaxhxhf; PS24hhm,350.347753,11.942233,2024-07-27T08:18:46.000,743761131.00,subday,y,discovery,2024-07-27T08:18:46,UTC-ISO,0.2270,,LFBOT_gold,AT2018cow-like,y,y,y,y,Sevilla+2026 (arXiv:2601.18926); radio data Nayana et al. in prep,TNS (ZTF/ALeRCE): 350.347753414 +11.9422331171,TNS discovery timestamp 2024-07-27 08:18:45.996 (ZTF); matches Sevilla+2026 Table 1,Sevilla+2026 (arXiv:2601.18926) Table 1,gold_lfbots;ho23_ztf;recent_sweep,VERIFIED,"X-ray: Swift detection, general decline with one significant rebrightening (Sevilla+2026). Radio: VLA + NOEMA detections (Sevilla+2026). Host SDSS J232123.40+115632.7. Spectroscopic confirmation of z not independently verified.",G1,secure engine LFBOT,subday,10,primary
AT2024wpp,ZTF24abjjpbo; PS24jhj; GOTO24gjk; ATLAS24ond; SN 2024wpp (TNS),40.522912,-16.956360,2024-09-25T10:33:36.000,748953221.00,subday,y,first_detection,2024-09-25T10:33:36,UTC-ISO,0.0868,DL=411 Mpc (Nayana+2025),LFBOT_gold,AT2018cow-like,y,y,y,y,"Nayana+2025 (arXiv:2509.00952); Pursiainen+2026 (arXiv:2602.20523); modeling: arXiv:2601.03372, arXiv:2601.03337",TNS (ZTF): 40.5229121965 -16.9563601815,'discovered on 2024 September 25.44 UT (MJD 60578.4) in the ZTF survey data' (Nayana+2025); TNS discovery timestamp 2024-09-26 08:54:09,"z=0.0868 (Nayana+2025, arXiv:2509.00952)",gold_lfbots,VERIFIED,"Most optically luminous LFBOT to date. X-ray: Lx~1.5e43 erg/s, variable, Swift/XRT from dt=2.1 d; NuSTAR Compton hump (Nayana+2025). Radio: VLA 10/15 GHz, L10GHz~5e28 erg/s/Hz at ~29 d (Nayana+2025). TNS classified SN with 'Blue featureless spectrum'.",G1,secure engine LFBOT,subday,10,primary
AT2024aehp,ZTF24abygbss,125.281129,28.739529,2024-12-19T08:34:33.000,756290078.00,subday,y,discovery,2024-12-19T08:34:33,UTC-ISO,0.1715,host SDSS J082107.46+284422.0,LFBOT_gold,AT2018cow-like,y,y,n,y,Sevilla+2026 (arXiv:2601.18926),TNS (ZTF/ALeRCE): 125.28112887136 +28.739528539299,TNS discovery timestamp 2024-12-19 08:34:33.001 (ZTF); Sevilla+2026 Table 1 lists 2024-12-19 10:02:49 (discrepancy noted),Sevilla+2026 (arXiv:2601.18926) Table 1,gold_lfbots;ho23_ztf;recent_sweep,VERIFIED,"Atypical: luminous (M<-19) optical plateau; 6-15 GHz radio brightened >1 dex from t_rest~70 d to ~130 d; NOEMA detection 2025-05-23 (Sevilla+2026). X-ray: Swift XRT non-detection, upper limits only. Most recent known LFBOT (as of 2026-07). Spectroscopic confirmation of z not independently verified.",G1,secure engine LFBOT,subday,10,primary
AT2026dbl,"ZTF26aaglqak, Dibbler",135.322346202,18.602131551,2026-02-14T08:23:00.000,792750185.00,subday,y,discovery,2026-02-14T08:23:00,UTC-ISO,0.19,host SDSS J090117.42+183606.5; z from narrow Mg II absorption,LFBOT_gold,LFBOT,y,y,y,y,Jayaraman+2026 arXiv:2606.17129 (14-LFBOT census),TNS object page,TNS object page (=MJD 61085.35 first ZTF detection per AstroNote 2026-36),TNS AstroNote 2026-36,recent_sweep,VERIFIED,"Keck LRIS featureless blue spectrum, M_u<~-21.6 (AstroNote 2026-36); EP-FXT X-ray detection L_X=6.4e42 erg/s cow-like (AstroNote 2026-38); 90 GHz MUSTANG-2/GBT detection reported (Orlowski-Scherer/Romero/Ho AstroNote; note ID not retrieved this session)",G2,provisional LFBOT (2026 / circular-level classification),subday,10,variant
SNLS04D4ec,,334.12204,-18.18447,2004-07-09T00:00:00.000,111024000.00,day,n,discovery,2004-07-09,UTC-ISO,0.593,,FBOT_candidate,rapidly_rising_luminous,n,,,y,"Arcavi et al. 2016, ApJ 819, 35 (arXiv:1511.00704)","Arcavi+2016 Table 1 (arXiv:1511.00704), sexagesimal converted",Arcavi+2016 Table 1 discovery date,Arcavi+2016 Table 1 (spec),misc_surveys,VERIFIED,"pre-Fermi (2004); rapidly rising gap transient, M_peak=-20.33+/-0.06",B3,poorly anchored (position-only / pre-Fermi),none,,persistent_or_excluded
SNLS05D2bk,,150.55817,2.09867,2005-01-15T00:00:00.000,127440000.00,day,n,discovery,2005-01-15,UTC-ISO,0.699,,FBOT_candidate,rapidly_rising_luminous,n,,,y,"Arcavi et al. 2016, ApJ 819, 35 (arXiv:1511.00704)","Arcavi+2016 Table 1 (arXiv:1511.00704), sexagesimal converted",Arcavi+2016 Table 1 discovery date,Arcavi+2016 Table 1 (spec),misc_surveys,VERIFIED,"pre-Fermi (2005); rapidly rising gap transient, M_peak=-20.34+/-0.02",B3,poorly anchored (position-only / pre-Fermi),none,,persistent_or_excluded
SNLS06D1hc,,36.20104,-4.93433,2006-11-14T00:00:00.000,185155201.00,day,n,discovery,2006-11-14,UTC-ISO,0.555,,FBOT_candidate,rapidly_rising_luminous,n,,,y,"Arcavi et al. 2016, ApJ 819, 35 (arXiv:1511.00704)","Arcavi+2016 Table 1 (arXiv:1511.00704), sexagesimal converted",Arcavi+2016 Table 1 discovery date,Arcavi+2016 Table 1 (spec),misc_surveys,VERIFIED,"pre-Fermi (2006); rapidly rising gap transient, M_peak=-20.22+/-0.03",B3,poorly anchored (position-only / pre-Fermi),none,,persistent_or_excluded
Dougie,ROTSE3 J120847.9+430121,182.19946,43.02225,2009-01-21T07:26:24.000,254215586.00,subday,y,first_detection,54852.31,MJD,0.191,~900 Mpc (paper),FBOT_candidate,TDE_candidate,n,,,y,"Vinko et al. 2015, ApJ 798, 12 (arXiv:1410.6014)","Vinko+2015 (arXiv:1410.6014): R.A.=12h08m47.87s Dec=+43d01m20.1s, converted",Vinko+2015: first detection MJD 54852.31 (2009 Jan 21 UT 07:26:24),Vinko+2015 (host spec-z),misc_surveys,VERIFIED,"Luminous fast-rising UV transient (rise ~10 d, M~-22.6); featureless cooling continuum; interpreted as super-Eddington TDE; retrospectively grouped with luminous fast coolers by Nicholl+2023",B1,spectroscopically classified rapid transient (TDE_candidate),subday,10,comparison
PS1-10ah,SN 2010bf,162.065767,57.405411,2010-02-21T12:00:00.000,288446402.00,subday,y,first_detection,55248.5,MJD,0.074,d_L=330.5 Mpc (Drout+2014 Table 1),FBOT_survey,gold,n,,,host_z_only,"Drout+2014 ApJ 794,23 (arXiv:1405.3668)",Drout+2014 Table 1 via VizieR J/ApJ/794/23/table1; cross-checked ar5iv HTML arXiv:1405.3668,VizieR J/ApJ/794/23/table2 (first photometry point not flagged as 3-sigma upper limit),Drout+2014 Table 1 via VizieR J/ApJ/794/23/table1,drout14_ps1,VERIFIED,first det g_P1=22.18 mag at MJD 55248.5; discovery date 2010-02-21 (Table 1); observed g_P1 max at MJD 55251.4 (VizieR table2 Phase=0); = SN 2010bf (SIMBAD alt id); host-galaxy spectra only (Table 3),B2,photometric rapidly-evolving transient,subday,10,comparison
PTF10iam,,236.37854,54.04250,2010-05-22T00:00:00.000,296179202.00,day,y,discovery,2010-05-22,UTC-ISO,0.109,,FBOT_candidate,rapidly_rising_luminous,n,,,y,"Arcavi et al. 2016, ApJ 819, 35 (arXiv:1511.00704)","Arcavi+2016 Table 1 (arXiv:1511.00704), sexagesimal converted",Arcavi+2016 Table 1 discovery date; first tabulated R-band photometry MJD 55345.472,Arcavi+2016 Table 1 (spec),misc_surveys,VERIFIED,"Rapidly rising (<10 d) gap transient, M_peak=-20.16+/-0.01; rise fast but decline SN-like, not a classical FBOT",B1,spectroscopically classified rapid transient (rapidly_rising_luminous),day,100000,comparison
PS1-10iu,,242.895358,55.146642,2010-06-05T12:00:00.000,297432002.00,subday,y,first_detection,55352.5,MJD,,no distance published (bronze: host not spectroscopically confirmed),FBOT_survey,bronze,n,,,n,"Drout+2014 ApJ 794,23 (arXiv:1405.3668)",Drout+2014 Table 1 via VizieR J/ApJ/794/23/table1; cross-checked ar5iv HTML arXiv:1405.3668,VizieR J/ApJ/794/23/table2 (first photometry point not flagged as 3-sigma upper limit),,drout14_ps1,VERIFIED,first det z_P1=23.18 mag at MJD 55352.5; discovery date 2010-06-06 (Table 1); bronze: extragalactic nature of host not spectroscopically confirmed; no redshift/distance in paper,B2,photometric rapidly-evolving transient,subday,10,comparison
PS1-10bjp,,351.589175,-1.523086,2010-09-04T12:00:00.000,305294402.00,subday,y,first_detection,55443.5,MJD,0.113,d_L=518.6 Mpc (Drout+2014 Table 1),FBOT_survey,gold,n,,,host_z_only,"Drout+2014 ApJ 794,23 (arXiv:1405.3668)",Drout+2014 Table 1 via VizieR J/ApJ/794/23/table1; cross-checked ar5iv HTML arXiv:1405.3668,VizieR J/ApJ/794/23/table2 (first photometry point not flagged as 3-sigma upper limit),Drout+2014 Table 1 via VizieR J/ApJ/794/23/table1,drout14_ps1,VERIFIED,first det g_P1=22.50 mag at MJD 55443.5; discovery date 2010-10-24 (Table 1); observed g_P1 max at MJD 55446.6 (VizieR table2 Phase=0); host-galaxy spectra only (Table 3),B2,photometric rapidly-evolving transient,subday,10,comparison
PS1-11qr,,149.174029,1.893958,2011-03-29T09:36:00.000,323084162.00,subday,y,first_detection,55649.4,MJD,0.324,d_L=1685.3 Mpc (Drout+2014 Table 1),FBOT_survey,gold,n,,,host_z_only,"Drout+2014 ApJ 794,23 (arXiv:1405.3668)",Drout+2014 Table 1 via VizieR J/ApJ/794/23/table1; cross-checked ar5iv HTML arXiv:1405.3668,VizieR J/ApJ/794/23/table2 (first photometry point not flagged as 3-sigma upper limit),Drout+2014 Table 1 via VizieR J/ApJ/794/23/table1,drout14_ps1,VERIFIED,first det z_P1=22.22 mag at MJD 55649.4; discovery date 2011-04-02 (Table 1); observed g_P1 max at MJD 55653.4 (VizieR table2 Phase=0); host-galaxy spectrum only (Table 3),B2,photometric rapidly-evolving transient,subday,10,comparison
PS1-11bbq,,130.644721,42.930447,2011-11-27T12:00:00.000,344088002.00,subday,y,first_detection,55892.5,MJD,0.646,d_L=3857.8 Mpc (Drout+2014 Table 1),FBOT_survey,silver,n,,,y,"Drout+2014 ApJ 794,23 (arXiv:1405.3668)",Drout+2014 Table 1 via VizieR J/ApJ/794/23/table1; cross-checked ar5iv HTML arXiv:1405.3668,VizieR J/ApJ/794/23/table2 (first photometry point not flagged as 3-sigma upper limit),Drout+2014 Table 1 via VizieR J/ApJ/794/23/table1,drout14_ps1,VERIFIED,first det r_P1=22.98 mag at MJD 55892.5; discovery date 2011-12-01 (Table 1); observed g_P1 max at MJD 55895.6 (VizieR table2 Phase=0); transient spectrum at +2d (Table 3); blue continuum; highest-z object in sample,B1,spectroscopically classified rapid transient (silver),subday,10,comparison
PS1-12bb,,149.349442,3.184575,2012-01-19T12:00:00.000,348667202.00,subday,y,first_detection,55945.5,MJD,0.101,d_L=459.7 Mpc (Drout+2014 Table 1),FBOT_survey,gold,n,,,y,"Drout+2014 ApJ 794,23 (arXiv:1405.3668)",Drout+2014 Table 1 via VizieR J/ApJ/794/23/table1; cross-checked ar5iv HTML arXiv:1405.3668,VizieR J/ApJ/794/23/table2 (first photometry point not flagged as 3-sigma upper limit),Drout+2014 Table 1 via VizieR J/ApJ/794/23/table1,drout14_ps1,VERIFIED,first det i_P1=21.12 mag at MJD 55945.5; discovery date 2012-01-20 (Table 1); observed g_P1 max at MJD 55947.6 (VizieR table2 Phase=0); transient spectra at +5d and +33d (Table 3); ~6000-7000 K blackbody continuum,B1,spectroscopically classified rapid transient (gold),subday,10,comparison
PS1-12bv,,186.394175,46.690825,2012-01-19T14:24:00.000,348675842.00,subday,y,first_detection,55945.6,MJD,0.405,d_L=2192.2 Mpc (Drout+2014 Table 1),FBOT_survey,gold,n,,,y,"Drout+2014 ApJ 794,23 (arXiv:1405.3668)",Drout+2014 Table 1 via VizieR J/ApJ/794/23/table1; cross-checked ar5iv HTML arXiv:1405.3668,VizieR J/ApJ/794/23/table2 (first photometry point not flagged as 3-sigma upper limit),Drout+2014 Table 1 via VizieR J/ApJ/794/23/table1,drout14_ps1,VERIFIED,first det i_P1=22.53 mag at MJD 55945.6; discovery date 2012-01-20 (Table 1); observed g_P1 max at MJD 55949.6 (VizieR table2 Phase=0); transient spectrum at +2d (Table 3); blue continuum,B1,spectroscopically classified rapid transient (gold),subday,10,comparison
SN 2002bj,,77.94338,-15.13633,2002-02-28T00:00:00.000,36547200.00,day,n,discovery,2002-02-28,UTC-ISO,0.012,"NGC 1821, 50+/-5 Mpc (paper)",FBOT_candidate,fast_SN_.Ia,n,,,y,"Poznanski et al. 2010, Science (arXiv:0911.2699)",TNS (wis-tns.org/object/2002bj): 05:11:46.411 -15:08:10.79 = 77.94338 -15.13633,Poznanski+2010 (arXiv:0911.2699): discovered 2002 Feb 28.2 UT; TNS discovery date 2002-02-28,TNS; Poznanski+2010 distance,misc_surveys,VERIFIED,"pre-Fermi (2002); unusually fast-evolving SN: B-band drop 4.5 mag in 18 d, extremely blue spectrum, M_peak>-18; proposed .Ia helium-shell detonation; historical fast-blue-transient benchmark",B3,poorly anchored (position-only / pre-Fermi),none,,persistent_or_excluded
PS1-12brf,,334.028717,-0.969392,2012-10-07T09:36:00.000,371295363.00,subday,y,first_detection,56207.4,MJD,0.275,d_L=1393.6 Mpc (Drout+2014 Table 1),FBOT_survey,gold,n,,,y,"Drout+2014 ApJ 794,23 (arXiv:1405.3668)",Drout+2014 Table 1 via VizieR J/ApJ/794/23/table1; cross-checked ar5iv HTML arXiv:1405.3668,VizieR J/ApJ/794/23/table2 (first photometry point not flagged as 3-sigma upper limit),Drout+2014 Table 1 via VizieR J/ApJ/794/23/table1,drout14_ps1,VERIFIED,first det i_P1=23.40 mag at MJD 56207.4; discovery date 2012-10-10 (Table 1); observed g_P1 max at MJD 56209.2 (VizieR table2 Phase=0); transient spectrum at +4d (Table 3); blue continuum,B1,spectroscopically classified rapid transient (gold),subday,10,comparison
PS1-13aea,,184.559667,47.336833,2013-04-03T12:00:00.000,386683203.00,subday,y,first_detection,56385.5,MJD,,no distance published (bronze: host not spectroscopically confirmed),FBOT_survey,bronze,n,,,n,"Drout+2014 ApJ 794,23 (arXiv:1405.3668)",Drout+2014 Table 1 via VizieR J/ApJ/794/23/table1; cross-checked ar5iv HTML arXiv:1405.3668,VizieR J/ApJ/794/23/table2 (first photometry point not flagged as 3-sigma upper limit),,drout14_ps1,VERIFIED,first det i_P1=21.51 mag at MJD 56385.5; discovery date 2013-04-07 (Table 1); bronze: extragalactic nature of host not spectroscopically confirmed; no redshift/distance in paper,B2,photometric rapidly-evolving transient,subday,10,comparison
PS1-13bit,,243.003187,54.268933,2013-05-04T12:00:00.000,389361603.00,subday,y,first_detection,56416.5,MJD,,no distance published (bronze: host not spectroscopically confirmed),FBOT_survey,bronze,n,,,n,"Drout+2014 ApJ 794,23 (arXiv:1405.3668)",Drout+2014 Table 1 via VizieR J/ApJ/794/23/table1; cross-checked ar5iv HTML arXiv:1405.3668,VizieR J/ApJ/794/23/table2 (first photometry point not flagged as 3-sigma upper limit),,drout14_ps1,VERIFIED,"first det g_P1=23.83 mag at MJD 56416.5; discovery date 2013-05-12 (Table 1); bronze: no redshift in paper; GTC/OSIRIS transient spectrum exists (footnote 5): blue continuum, no narrow features, so not classifiable/confirmed",B2,photometric rapidly-evolving transient,subday,10,comparison
PS1-13cgt,,244.734354,54.326031,2013-07-12T07:12:00.000,395305923.00,subday,y,first_detection,56485.3,MJD,,no distance published (bronze: host not spectroscopically confirmed),FBOT_survey,bronze,n,,,n,"Drout+2014 ApJ 794,23 (arXiv:1405.3668)",Drout+2014 Table 1 via VizieR J/ApJ/794/23/table1; cross-checked ar5iv HTML arXiv:1405.3668,VizieR J/ApJ/794/23/table2 (first photometry point not flagged as 3-sigma upper limit),,drout14_ps1,VERIFIED,first det z_P1=22.11 mag at MJD 56485.3; discovery date 2013-07-17 (Table 1); bronze: extragalactic nature of host not spectroscopically confirmed; no redshift/distance in paper,B2,photometric rapidly-evolving transient,subday,10,comparison
DES13X1hav,,35.03250,-5.11015,2013-09-16T00:00:00.000,400982403.00,day,y,peak,56551,MJD,0.58,host spectroscopic redshift,FBOT_survey,gold,n,,,n,"Pursiainen+2018 MNRAS 481,894 (arXiv:1803.04869)","VizieR J/MNRAS/481/894/table4 (Pursiainen+2018 Table 4, J2000 sexagesimal converted)",VizieR J/MNRAS/481/894/table5 (t_peak = date of max observed g-band flux),"spec (host galaxy, OzDES; VizieR J/MNRAS/481/894/table4)",pursiainen18_des,VERIFIED,,B2,photometric rapidly-evolving transient,day,100000,comparison
DES13X3gms,,35.80112,-4.49399,2013-10-02T00:00:00.000,402364803.00,day,y,peak,56567,MJD,0.65,host spectroscopic redshift,FBOT_survey,gold,n,,,n,"Pursiainen+2018 MNRAS 481,894 (arXiv:1803.04869)","VizieR J/MNRAS/481/894/table4 (Pursiainen+2018 Table 4, J2000 sexagesimal converted)",VizieR J/MNRAS/481/894/table5 (t_peak = date of max observed g-band flux),"spec (host galaxy, OzDES; VizieR J/MNRAS/481/894/table4)",pursiainen18_des,VERIFIED,,B2,photometric rapidly-evolving transient,day,100000,comparison
DES13E2lpk,,10.09917,-43.53882,2013-10-10T00:00:00.000,403056003.00,day,y,peak,56575,MJD,0.48,host spectroscopic redshift,FBOT_survey,silver,n,,,n,"Pursiainen+2018 MNRAS 481,894 (arXiv:1803.04869)","VizieR J/MNRAS/481/894/table4 (Pursiainen+2018 Table 4, J2000 sexagesimal converted)",VizieR J/MNRAS/481/894/table5 (t_peak = date of max observed g-band flux),"spec (host galaxy, OzDES; VizieR J/MNRAS/481/894/table4)",pursiainen18_des,VERIFIED,,B2,photometric rapidly-evolving transient,day,100000,comparison
DES13X3nyg,,36.99238,-3.91335,2013-10-26T00:00:00.000,404438403.00,day,y,peak,56591,MJD,0.71,host spectroscopic redshift,FBOT_survey,silver,n,,,n,"Pursiainen+2018 MNRAS 481,894 (arXiv:1803.04869)","VizieR J/MNRAS/481/894/table4 (Pursiainen+2018 Table 4, J2000 sexagesimal converted)",VizieR J/MNRAS/481/894/table5 (t_peak = date of max observed g-band flux),"spec (host galaxy, OzDES; VizieR J/MNRAS/481/894/table4)",pursiainen18_des,VERIFIED,,B2,photometric rapidly-evolving transient,day,100000,comparison
PS1-13duy,,335.449704,-0.243039,2013-10-30T04:48:00.000,404801283.00,subday,y,first_detection,56595.2,MJD,0.270,d_L=1364.5 Mpc (Drout+2014 Table 1),FBOT_survey,silver,n,,,y,"Drout+2014 ApJ 794,23 (arXiv:1405.3668)",Drout+2014 Table 1 via VizieR J/ApJ/794/23/table1; cross-checked ar5iv HTML arXiv:1405.3668,VizieR J/ApJ/794/23/table2 (first photometry point not flagged as 3-sigma upper limit),Drout+2014 Table 1 via VizieR J/ApJ/794/23/table1,drout14_ps1,VERIFIED,first det z_P1=23.17 mag at MJD 56595.2; discovery date 2013-11-01 (Table 1); observed g_P1 max at MJD 56601.2 (VizieR table2 Phase=0); transient spectrum at +2d (Table 3); blue continuum,B1,spectroscopically classified rapid transient (silver),subday,10,comparison
PS1-13dwm,,335.050338,0.939542,2013-11-05T00:00:00.000,405302403.00,day,y,discovery,2013-11-05,UTC-ISO,0.245,d_L=1220.8 Mpc (Drout+2014 Table 1),FBOT_survey,silver,n,,,host_z_only,"Drout+2014 ApJ 794,23 (arXiv:1405.3668)",Drout+2014 Table 1 via VizieR J/ApJ/794/23/table1; cross-checked ar5iv HTML arXiv:1405.3668,Drout+2014 Table 1 'Disc. Date (UT)' via VizieR J/ApJ/794/23/table1 and ar5iv HTML,Drout+2014 Table 1 via VizieR J/ApJ/794/23/table1,drout14_ps1,VERIFIED,"host-galaxy spectrum only (Table 3); NO photometry rows in machine-readable VizieR table2, so no first-detection/peak MJD could be extracted; anchor is Table 1 discovery date",B2,photometric rapidly-evolving transient,day,100000,comparison
DES13X3pby,,36.33325,-5.31405,2013-11-06T00:00:00.000,405388803.00,day,y,peak,56602,MJD,0.96,host spectroscopic redshift,FBOT_survey,silver,n,,,n,"Pursiainen+2018 MNRAS 481,894 (arXiv:1803.04869)","VizieR J/MNRAS/481/894/table4 (Pursiainen+2018 Table 4, J2000 sexagesimal converted)",VizieR J/MNRAS/481/894/table5 (t_peak = date of max observed g-band flux),"spec (host galaxy, OzDES; VizieR J/MNRAS/481/894/table4)",pursiainen18_des,VERIFIED,,B2,photometric rapidly-evolving transient,day,100000,comparison
DES13C1tgd,,54.06425,-27.63863,2013-11-19T00:00:00.000,406512003.00,day,y,peak,56615,MJD,0.20,host spectroscopic redshift,FBOT_survey,silver,n,,,n,"Pursiainen+2018 MNRAS 481,894 (arXiv:1803.04869)","VizieR J/MNRAS/481/894/table4 (Pursiainen+2018 Table 4, J2000 sexagesimal converted)",VizieR J/MNRAS/481/894/table5 (t_peak = date of max observed g-band flux),"spec (host galaxy, OzDES; VizieR J/MNRAS/481/894/table4)",pursiainen18_des,VERIFIED,,B2,photometric rapidly-evolving transient,day,100000,comparison
DES13C3uig,,52.94396,-27.58554,2013-11-29T00:00:00.000,407376003.00,day,y,peak,56625,MJD,0.67,host spectroscopic redshift,FBOT_survey,silver,n,,,n,"Pursiainen+2018 MNRAS 481,894 (arXiv:1803.04869)","VizieR J/MNRAS/481/894/table4 (Pursiainen+2018 Table 4, J2000 sexagesimal converted)",VizieR J/MNRAS/481/894/table5 (t_peak = date of max observed g-band flux),"spec (host galaxy, ACES; VizieR J/MNRAS/481/894/table4)",pursiainen18_des,VERIFIED,,B2,photometric rapidly-evolving transient,day,100000,comparison
PS1-13ess,,35.539283,-3.050142,2013-12-22T09:36:00.000,409397763.00,subday,y,first_detection,56648.4,MJD,0.296,d_L=1517.2 Mpc (Drout+2014 Table 1),FBOT_survey,silver,n,,,host_z_only,"Drout+2014 ApJ 794,23 (arXiv:1405.3668)",Drout+2014 Table 1 via VizieR J/ApJ/794/23/table1; cross-checked ar5iv HTML arXiv:1405.3668,VizieR J/ApJ/794/23/table2 (first photometry point not flagged as 3-sigma upper limit),Drout+2014 Table 1 via VizieR J/ApJ/794/23/table1,drout14_ps1,VERIFIED,first det z_P1=22.36 mag at MJD 56648.4; discovery date 2013-12-26 (Table 1); observed g_P1 max at MJD 56649.4 (VizieR table2 Phase=0); host-galaxy spectrum only (Table 3),B2,photometric rapidly-evolving transient,subday,10,comparison
DES13C3bcok,,53.02696,-28.62492,2013-12-27T00:00:00.000,409795203.00,day,y,peak,56653,MJD,0.35,host spectroscopic redshift,FBOT_survey,silver,n,,,n,"Pursiainen+2018 MNRAS 481,894 (arXiv:1803.04869)","VizieR J/MNRAS/481/894/table4 (Pursiainen+2018 Table 4, J2000 sexagesimal converted)",VizieR J/MNRAS/481/894/table5 (t_peak = date of max observed g-band flux),"spec (host galaxy, AAT; VizieR J/MNRAS/481/894/table4)",pursiainen18_des,VERIFIED,,B2,photometric rapidly-evolving transient,day,100000,comparison
DES13X3npb,,36.64213,-4.13388,2014-01-19T00:00:00.000,411782403.00,day,y,peak,56676,MJD,0.50,host spectroscopic redshift,FBOT_survey,silver,n,,,n,"Pursiainen+2018 MNRAS 481,894 (arXiv:1803.04869)","VizieR J/MNRAS/481/894/table4 (Pursiainen+2018 Table 4, J2000 sexagesimal converted)",VizieR J/MNRAS/481/894/table5 (t_peak = date of max observed g-band flux),"spec (host galaxy, OzDES; VizieR J/MNRAS/481/894/table4)",pursiainen18_des,VERIFIED,,B2,photometric rapidly-evolving transient,day,100000,comparison
SHOOT14or,,231.60075,47.78537,2014-07-02T00:00:00.000,425952003.00,day,y,first_detection,2014-07-02,UTC-ISO,0.821,,FBOT_candidate,rapidly_rising,n,,,y,"Tanaka et al. 2016, ApJ (arXiv:1601.03261)","Tanaka+2016 Table 3 (arXiv:1601.03261), sexagesimal converted",Tanaka+2016 (arXiv:1601.03261); survey nights 2014 Jul 2-3 UT; measured rise rate 3.12 mag/day implies detection on both nights,Tanaka+2016 Table 3 (spec-z),misc_surveys,PARTIAL,Rapidly rising (>1 mag/day) transient from 2-night HSC survey; nature uncertain (young SN candidate),B1,spectroscopically classified rapid transient (rapidly_rising),day,100000,comparison
SHOOT14jr,,248.45829,34.46816,2014-07-02T00:00:00.000,425952003.00,day,y,first_detection,2014-07-02,UTC-ISO,0.384,,FBOT_candidate,rapidly_rising,n,,,y,"Tanaka et al. 2016, ApJ (arXiv:1601.03261)","Tanaka+2016 Table 3 (arXiv:1601.03261), sexagesimal converted",Tanaka+2016 (arXiv:1601.03261); survey nights 2014 Jul 2-3 UT; measured rise rate 1.61 mag/day implies detection on both nights,Tanaka+2016 Table 3 (spec-z),misc_surveys,PARTIAL,Rapidly rising (>1 mag/day) transient from 2-night HSC survey; nature uncertain (young SN candidate),B1,spectroscopically classified rapid transient (rapidly_rising),day,100000,comparison
SHOOT14di,,323.26779,9.59861,2014-07-02T13:17:45.600,425999868.60,subday,y,first_detection,56840.554,MJD,0.4229,,FBOT_candidate,rapid_decliner_SBO,n,,,y,"Tominaga et al. 2019, PASJ (arXiv:1909.03191)","Tominaga+2019 PASJ (arXiv:1909.03191), sexagesimal converted",Tominaga+2019 (arXiv:1909.03191): first detection MJD 56840.554 = 2014-07-02,Tominaga+2019 (spec-z from [OIII] host lines),misc_surveys,VERIFIED,"Rapidly declining (+1.83 mag/day rest-frame) HSC transient; M_3400A~-16.2; interpreted as shock breakout of low-energy SN IIP from 25 Msun RSG, not an FBOT proper",B1,spectroscopically classified rapid transient (rapid_decliner_SBO),subday,10,comparison
SHOOT14gp,,350.08667,28.41682,2014-07-03T00:00:00.000,426038403.00,day,y,first_detection,2014-07-03,UTC-ISO,0.635,,FBOT_candidate,rapidly_rising,n,,,y,"Tanaka et al. 2016, ApJ (arXiv:1601.03261)","Tanaka+2016 Table 3 (arXiv:1601.03261), sexagesimal converted","Tanaka+2016 (arXiv:1601.03261); survey nights 2014 Jul 2-3 UT; rise rate is lower limit (>3.10 mag/day) implying non-detection night 1, so first detection on night 2",Tanaka+2016 Table 3 (spec-z),misc_surveys,PARTIAL,Rapidly rising (>1 mag/day) transient from 2-night HSC survey; nature uncertain (young SN candidate); first-detection night inferred from lower-limit rise rate,B1,spectroscopically classified rapid transient (rapidly_rising),day,100000,comparison
SHOOT14ha,,350.43712,28.91383,2014-07-03T00:00:00.000,426038403.00,day,y,first_detection,2014-07-03,UTC-ISO,0.548,,FBOT_candidate,rapidly_rising,n,,,y,"Tanaka et al. 2016, ApJ (arXiv:1601.03261)","Tanaka+2016 Table 3 (arXiv:1601.03261), sexagesimal converted",Tanaka+2016 (arXiv:1601.03261); survey nights 2014 Jul 2-3 UT; rise rate lower limit (>1.19 mag/day) implies first detection on night 2,Tanaka+2016 Table 3 (spec-z),misc_surveys,PARTIAL,Rapidly rising (>1 mag/day) transient from 2-night HSC survey; nature uncertain; first-detection night inferred from lower-limit rise rate,B1,spectroscopically classified rapid transient (rapidly_rising),day,100000,comparison
SHOOT14ef,,322.78654,9.54836,2014-07-03T00:00:00.000,426038403.00,day,y,first_detection,2014-07-03,UTC-ISO,0.560,,FBOT_candidate,rapidly_rising,n,,,y,"Tanaka et al. 2016, ApJ (arXiv:1601.03261)","Tanaka+2016 Table 3 (arXiv:1601.03261), sexagesimal converted",Tanaka+2016 (arXiv:1601.03261); survey nights 2014 Jul 2-3 UT; rise rate lower limit (>1.31 mag/day) implies first detection on night 2,Tanaka+2016 Table 3 (spec-z),misc_surveys,PARTIAL,Rapidly rising (>1 mag/day) transient from 2-night HSC survey; nature uncertain; first-detection night inferred from lower-limit rise rate,B1,spectroscopically classified rapid transient (rapidly_rising),day,100000,comparison
DES14S2anq,,41.27779,-0.74521,2014-09-03T00:00:00.000,431395203.00,day,y,peak,56903,MJD,0.05,host spectroscopic redshift,FBOT_survey,gold,n,,,n,"Pursiainen+2018 MNRAS 481,894 (arXiv:1803.04869)","VizieR J/MNRAS/481/894/table4 (Pursiainen+2018 Table 4, J2000 sexagesimal converted)",VizieR J/MNRAS/481/894/table5 (t_peak = date of max observed g-band flux),"spec (host galaxy, SDSS; VizieR J/MNRAS/481/894/table4)",pursiainen18_des,VERIFIED,,B2,photometric rapidly-evolving transient,day,100000,comparison
DES14X1bnh,,33.74912,-4.79259,2014-09-15T00:00:00.000,432432003.00,day,y,peak,56915,MJD,0.83,host spectroscopic redshift,FBOT_survey,silver,n,,,n,"Pursiainen+2018 MNRAS 481,894 (arXiv:1803.04869)","VizieR J/MNRAS/481/894/table4 (Pursiainen+2018 Table 4, J2000 sexagesimal converted)",VizieR J/MNRAS/481/894/table5 (t_peak = date of max observed g-band flux),"spec (host galaxy, OzDES; VizieR J/MNRAS/481/894/table4)",pursiainen18_des,VERIFIED,,B2,photometric rapidly-evolving transient,day,100000,comparison
DES14S2pli,,41.22817,-1.09798,2014-11-26T00:00:00.000,438652803.00,day,y,peak,56987,MJD,0.35,host spectroscopic redshift,FBOT_survey,gold,n,,,n,"Pursiainen+2018 MNRAS 481,894 (arXiv:1803.04869)","VizieR J/MNRAS/481/894/table4 (Pursiainen+2018 Table 4, J2000 sexagesimal converted)",VizieR J/MNRAS/481/894/table5 (t_peak = date of max observed g-band flux),"spec (host galaxy, OzDES; VizieR J/MNRAS/481/894/table4)",pursiainen18_des,VERIFIED,,B2,photometric rapidly-evolving transient,day,100000,comparison
DES14X3pkl,,37.21100,-4.80734,2014-11-26T00:00:00.000,438652803.00,day,y,peak,56987,MJD,0.30,host spectroscopic redshift,FBOT_survey,gold,n,,,n,"Pursiainen+2018 MNRAS 481,894 (arXiv:1803.04869)","VizieR J/MNRAS/481/894/table4 (Pursiainen+2018 Table 4, J2000 sexagesimal converted)",VizieR J/MNRAS/481/894/table5 (t_peak = date of max observed g-band flux),"spec (host galaxy, OzDES; VizieR J/MNRAS/481/894/table4)",pursiainen18_des,VERIFIED,,B2,photometric rapidly-evolving transient,day,100000,comparison
DES14S2plb,,41.85675,-1.61859,2014-11-29T00:00:00.000,438912003.00,day,y,peak,56990,MJD,0.12,host spectroscopic redshift,FBOT_survey,gold,n,,,n,"Pursiainen+2018 MNRAS 481,894 (arXiv:1803.04869)","VizieR J/MNRAS/481/894/table4 (Pursiainen+2018 Table 4, J2000 sexagesimal converted)",VizieR J/MNRAS/481/894/table5 (t_peak = date of max observed g-band flux),"spec (host galaxy, OzDES; VizieR J/MNRAS/481/894/table4)",pursiainen18_des,VERIFIED,,B2,photometric rapidly-evolving transient,day,100000,comparison
DES14C3tvw,,53.32337,-27.90664,2015-01-07T00:00:00.000,442281603.00,day,y,peak,57029,MJD,0.70,host spectroscopic redshift,FBOT_survey,gold,n,,,n,"Pursiainen+2018 MNRAS 481,894 (arXiv:1803.04869)","VizieR J/MNRAS/481/894/table4 (Pursiainen+2018 Table 4, J2000 sexagesimal converted)",VizieR J/MNRAS/481/894/table5 (t_peak = date of max observed g-band flux),"spec (host galaxy, ACES; VizieR J/MNRAS/481/894/table4)",pursiainen18_des,VERIFIED,,B2,photometric rapidly-evolving transient,day,100000,comparison
KSN 2015K,KSN2015K,202.96517,-10.73597,2015-07-31T14:24:00.000,460045444.00,subday,y,peak,57234.6,MJD,0.090,"410 Mpc (paper, H0=70); host 2MASX J13315109-1044061",FBOT_survey,FELT,n,,,y,"Rest et al. 2018, Nature Astronomy 2, 307 (arXiv:1804.04641)","Rest+2018 (arXiv:1804.04641): R.A.=13:31:51.64 Dec=-10:44:09.48, converted","Rest+2018 Methods: time of maximum BJD-2457235.1+/-0.1, converted BJD-2400000.5; rise time 2.2+/-0.1 d",Rest+2018 (arXiv:1804.04641),misc_surveys,VERIFIED,"Prototype fast-evolving luminous transient (FELT) from K2/Kepler C6; rise 2.2 d, t_1/2=6.8 d, L~1e43 erg/s; CSM-shock-breakout interpretation; identified Feb 2016 in archival K2 data",B1,spectroscopically classified rapid transient (FELT),subday,10,comparison
DES15X2ead,,36.48908,-6.45133,2015-09-08T00:00:00.000,463363204.00,day,y,peak,57273,MJD,0.23,host spectroscopic redshift,FBOT_survey,silver,n,,,n,"Pursiainen+2018 MNRAS 481,894 (arXiv:1803.04869)","VizieR J/MNRAS/481/894/table4 (Pursiainen+2018 Table 4, J2000 sexagesimal converted)",VizieR J/MNRAS/481/894/table5 (t_peak = date of max observed g-band flux),"spec (host galaxy, OzDES; VizieR J/MNRAS/481/894/table4)",pursiainen18_des,VERIFIED,,B2,photometric rapidly-evolving transient,day,100000,comparison
DES15S1fli,,43.18812,-0.88617,2015-09-11T00:00:00.000,463622404.00,day,y,peak,57276,MJD,0.45,host spectroscopic redshift,FBOT_survey,gold,n,,,n,"Pursiainen+2018 MNRAS 481,894 (arXiv:1803.04869)","VizieR J/MNRAS/481/894/table4 (Pursiainen+2018 Table 4, J2000 sexagesimal converted)",VizieR J/MNRAS/481/894/table5 (t_peak = date of max observed g-band flux),"spec (host galaxy, OzDES; VizieR J/MNRAS/481/894/table4)",pursiainen18_des,VERIFIED,,B2,photometric rapidly-evolving transient,day,100000,comparison
DES15S1fll,,42.78900,-0.19686,2015-09-11T00:00:00.000,463622404.00,day,y,peak,57276,MJD,0.23,host spectroscopic redshift,FBOT_survey,gold,n,,,n,"Pursiainen+2018 MNRAS 481,894 (arXiv:1803.04869)","VizieR J/MNRAS/481/894/table4 (Pursiainen+2018 Table 4, J2000 sexagesimal converted)",VizieR J/MNRAS/481/894/table5 (t_peak = date of max observed g-band flux),"spec (host galaxy, OzDES; VizieR J/MNRAS/481/894/table4)",pursiainen18_des,VERIFIED,,B2,photometric rapidly-evolving transient,day,100000,comparison
DES15C2eal,,54.06117,-29.23037,2015-09-11T00:00:00.000,463622404.00,day,y,peak,57276,MJD,0.22,host spectroscopic redshift,FBOT_survey,silver,n,,,n,"Pursiainen+2018 MNRAS 481,894 (arXiv:1803.04869)","VizieR J/MNRAS/481/894/table4 (Pursiainen+2018 Table 4, J2000 sexagesimal converted)",VizieR J/MNRAS/481/894/table5 (t_peak = date of max observed g-band flux),"spec (host galaxy, OzDES; VizieR J/MNRAS/481/894/table4)",pursiainen18_des,VERIFIED,,B2,photometric rapidly-evolving transient,day,100000,comparison
DES15C3lpq,,52.71204,-28.61308,2015-10-22T00:00:00.000,467164804.00,day,y,peak,57317,MJD,0.61,host spectroscopic redshift,FBOT_survey,gold,n,,,n,"Pursiainen+2018 MNRAS 481,894 (arXiv:1803.04869)","VizieR J/MNRAS/481/894/table4 (Pursiainen+2018 Table 4, J2000 sexagesimal converted)",VizieR J/MNRAS/481/894/table5 (t_peak = date of max observed g-band flux),"spec (host galaxy, OzDES; VizieR J/MNRAS/481/894/table4)",pursiainen18_des,VERIFIED,,B2,photometric rapidly-evolving transient,day,100000,comparison
DES15C3lzm,,52.17442,-28.23193,2015-11-01T00:00:00.000,468028804.00,day,y,peak,57327,MJD,0.33,host spectroscopic redshift,FBOT_survey,silver,n,,,n,"Pursiainen+2018 MNRAS 481,894 (arXiv:1803.04869)","VizieR J/MNRAS/481/894/table4 (Pursiainen+2018 Table 4, J2000 sexagesimal converted)",VizieR J/MNRAS/481/894/table5 (t_peak = date of max observed g-band flux),"spec (host galaxy, ATLAS; VizieR J/MNRAS/481/894/table4)",pursiainen18_des,VERIFIED,,B2,photometric rapidly-evolving transient,day,100000,comparison
DES15C3mgq,,52.76900,-28.20882,2015-11-05T00:00:00.000,468374404.00,day,y,peak,57331,MJD,0.23,host spectroscopic redshift,FBOT_survey,gold,n,,,n,"Pursiainen+2018 MNRAS 481,894 (arXiv:1803.04869)","VizieR J/MNRAS/481/894/table4 (Pursiainen+2018 Table 4, J2000 sexagesimal converted)",VizieR J/MNRAS/481/894/table5 (t_peak = date of max observed g-band flux),"spec (host galaxy, OzDES; VizieR J/MNRAS/481/894/table4)",pursiainen18_des,VERIFIED,,B2,photometric rapidly-evolving transient,day,100000,comparison
DES15X3mxf,,36.74050,-5.23967,2015-11-30T00:00:00.000,470534404.00,day,y,peak,57356,MJD,0.44,host spectroscopic redshift,FBOT_survey,gold,n,,,n,"Pursiainen+2018 MNRAS 481,894 (arXiv:1803.04869)","VizieR J/MNRAS/481/894/table4 (Pursiainen+2018 Table 4, J2000 sexagesimal converted)",VizieR J/MNRAS/481/894/table5 (t_peak = date of max observed g-band flux),"spec (host galaxy, OzDES; VizieR J/MNRAS/481/894/table4)",pursiainen18_des,VERIFIED,,B2,photometric rapidly-evolving transient,day,100000,comparison
DES15C3nat,,52.88517,-28.72363,2015-11-30T00:00:00.000,470534404.00,day,y,peak,57356,MJD,0.84,host spectroscopic redshift,FBOT_survey,silver,n,,,n,"Pursiainen+2018 MNRAS 481,894 (arXiv:1803.04869)","VizieR J/MNRAS/481/894/table4 (Pursiainen+2018 Table 4, J2000 sexagesimal converted)",VizieR J/MNRAS/481/894/table5 (t_peak = date of max observed g-band flux),"spec (host galaxy, OzDES; VizieR J/MNRAS/481/894/table4)",pursiainen18_des,VERIFIED,,B2,photometric rapidly-evolving transient,day,100000,comparison
DES15E2nqh,,9.73162,-43.08698,2015-12-10T00:00:00.000,471398404.00,day,y,peak,57366,MJD,0.52,host spectroscopic redshift,FBOT_survey,gold,n,,,n,"Pursiainen+2018 MNRAS 481,894 (arXiv:1803.04869)","VizieR J/MNRAS/481/894/table4 (Pursiainen+2018 Table 4, J2000 sexagesimal converted)",VizieR J/MNRAS/481/894/table5 (t_peak = date of max observed g-band flux),"spec (host galaxy, OzDES; VizieR J/MNRAS/481/894/table4)",pursiainen18_des,VERIFIED,,B2,photometric rapidly-evolving transient,day,100000,comparison
DES15C3opp,,51.73971,-28.11489,2015-12-29T00:00:00.000,473040004.00,day,y,peak,57385,MJD,0.44,host spectroscopic redshift,FBOT_survey,silver,n,,,n,"Pursiainen+2018 MNRAS 481,894 (arXiv:1803.04869)","VizieR J/MNRAS/481/894/table4 (Pursiainen+2018 Table 4, J2000 sexagesimal converted)",VizieR J/MNRAS/481/894/table5 (t_peak = date of max observed g-band flux),"spec (host galaxy, OzDES; VizieR J/MNRAS/481/894/table4)",pursiainen18_des,VERIFIED,,B2,photometric rapidly-evolving transient,day,100000,comparison
DES15C3opk,,51.66150,-28.34726,2016-01-02T00:00:00.000,473385604.00,day,y,peak,57389,MJD,0.57,host spectroscopic redshift,FBOT_survey,silver,n,,,n,"Pursiainen+2018 MNRAS 481,894 (arXiv:1803.04869)","VizieR J/MNRAS/481/894/table4 (Pursiainen+2018 Table 4, J2000 sexagesimal converted)",VizieR J/MNRAS/481/894/table5 (t_peak = date of max observed g-band flux),"spec (host galaxy, OzDES; VizieR J/MNRAS/481/894/table4)",pursiainen18_des,VERIFIED,,B2,photometric rapidly-evolving transient,day,100000,comparison
iPTF16asu,,194.78867,13.80256,2016-05-11T06:14:24.000,484640068.00,subday,y,first_detection,57519.26,MJD,0.187,,FBOT_candidate,SN_IcBL,n,,,y,"Whitesides et al. 2017, ApJ 851, 107 (arXiv:1706.05018)","Whitesides+2017 (arXiv:1706.05018): RA=12h59m09.28s Dec=+13d48m09.2s, converted","Whitesides+2017: first detected P48 2016 May 11.26 UT (=MJD 57519.26, converted); peak MJD 57523.25+/-0.14",Whitesides+2017 (spec-z),misc_surveys,VERIFIED,"Luminous rapidly evolving SN: rest-frame rise ~4 d, M_g=-20.4; featureless blue continuum at peak then Ic-BL; commonly compared with FBOTs",B1,spectroscopically classified rapid transient (SN_IcBL),subday,10,comparison
DES16E2pv,,9.20912,-43.52782,2016-08-29T00:00:00.000,494121604.00,day,y,peak,57629,MJD,0.73,host spectroscopic redshift,FBOT_survey,gold,n,,,n,"Pursiainen+2018 MNRAS 481,894 (arXiv:1803.04869)","VizieR J/MNRAS/481/894/table4 (Pursiainen+2018 Table 4, J2000 sexagesimal converted)",VizieR J/MNRAS/481/894/table5 (t_peak = date of max observed g-band flux),"spec (host galaxy, OzDES; VizieR J/MNRAS/481/894/table4)",pursiainen18_des,VERIFIED,,B2,photometric rapidly-evolving transient,day,100000,comparison
DES16C3axz,,52.80896,-28.66674,2016-09-12T00:00:00.000,495331204.00,day,y,peak,57643,MJD,0.23,host spectroscopic redshift,FBOT_survey,silver,n,,,n,"Pursiainen+2018 MNRAS 481,894 (arXiv:1803.04869)","VizieR J/MNRAS/481/894/table4 (Pursiainen+2018 Table 4, J2000 sexagesimal converted)",VizieR J/MNRAS/481/894/table5 (t_peak = date of max observed g-band flux),"spec (host galaxy, AAT; VizieR J/MNRAS/481/894/table4)",pursiainen18_des,VERIFIED,,B2,photometric rapidly-evolving transient,day,100000,comparison
DES16E1bir,,7.74433,-42.97699,2016-09-22T00:00:00.000,496195204.00,day,y,peak,57653,MJD,1.56,host spectroscopic redshift,FBOT_survey,gold,n,,,n,"Pursiainen+2018 MNRAS 481,894 (arXiv:1803.04869)","VizieR J/MNRAS/481/894/table4 (Pursiainen+2018 Table 4, J2000 sexagesimal converted)",VizieR J/MNRAS/481/894/table5 (t_peak = date of max observed g-band flux),spec (host galaxy; VizieR J/MNRAS/481/894/table4),pursiainen18_des,VERIFIED,zspec from host-galaxy spectral features present in the transient spectrum (VizieR ReadMe note 3),B2,photometric rapidly-evolving transient,day,100000,comparison
DES16C1cbd,,54.85821,-27.67233,2016-09-29T00:00:00.000,496800004.00,day,y,peak,57660,MJD,0.54,host spectroscopic redshift,FBOT_survey,gold,n,,,n,"Pursiainen+2018 MNRAS 481,894 (arXiv:1803.04869)","VizieR J/MNRAS/481/894/table4 (Pursiainen+2018 Table 4, J2000 sexagesimal converted)",VizieR J/MNRAS/481/894/table5 (t_peak = date of max observed g-band flux),"spec (host galaxy, OzDES; VizieR J/MNRAS/481/894/table4)",pursiainen18_des,VERIFIED,,B2,photometric rapidly-evolving transient,day,100000,comparison
DES16X3cxn,,36.83050,-4.95119,2016-11-02T00:00:00.000,499737604.00,day,y,peak,57694,MJD,0.58,host spectroscopic redshift,FBOT_survey,gold,n,,,n,"Pursiainen+2018 MNRAS 481,894 (arXiv:1803.04869)","VizieR J/MNRAS/481/894/table4 (Pursiainen+2018 Table 4, J2000 sexagesimal converted)",VizieR J/MNRAS/481/894/table5 (t_peak = date of max observed g-band flux),"spec (host galaxy, OzDES; VizieR J/MNRAS/481/894/table4)",pursiainen18_des,VERIFIED,,B2,photometric rapidly-evolving transient,day,100000,comparison
DES16S1dxu,,42.68138,-0.70925,2016-11-25T00:00:00.000,501724804.00,day,y,peak,57717,MJD,0.14,host spectroscopic redshift,FBOT_survey,gold,n,,,n,"Pursiainen+2018 MNRAS 481,894 (arXiv:1803.04869)","VizieR J/MNRAS/481/894/table4 (Pursiainen+2018 Table 4, J2000 sexagesimal converted)",VizieR J/MNRAS/481/894/table5 (t_peak = date of max observed g-band flux),"spec (host galaxy, OzDES; VizieR J/MNRAS/481/894/table4)",pursiainen18_des,VERIFIED,,B2,photometric rapidly-evolving transient,day,100000,comparison
DES16X1eho,,35.34529,-4.52573,2016-11-30T00:00:00.000,502156804.00,day,y,peak,57722,MJD,0.76,host spectroscopic redshift,FBOT_survey,gold,n,,,n,"Pursiainen+2018 MNRAS 481,894 (arXiv:1803.04869)","VizieR J/MNRAS/481/894/table4 (Pursiainen+2018 Table 4, J2000 sexagesimal converted)",VizieR J/MNRAS/481/894/table5 (t_peak = date of max observed g-band flux),"spec (host galaxy, PRIMUS; VizieR J/MNRAS/481/894/table4)",pursiainen18_des,VERIFIED,,B2,photometric rapidly-evolving transient,day,100000,comparison
DES16X3ega,,37.09879,-4.77672,2016-12-08T00:00:00.000,502848004.00,day,y,peak,57730,MJD,0.26,host spectroscopic redshift,FBOT_survey,silver,n,,,n,"Pursiainen+2018 MNRAS 481,894 (arXiv:1803.04869)","VizieR J/MNRAS/481/894/table4 (Pursiainen+2018 Table 4, J2000 sexagesimal converted)",VizieR J/MNRAS/481/894/table5 (t_peak = date of max observed g-band flux),"spec (host galaxy, GAMA; VizieR J/MNRAS/481/894/table4)",pursiainen18_des,VERIFIED,,B2,photometric rapidly-evolving transient,day,100000,comparison
AT 2016jll,HSC16apsu,150.48176,2.43983,2016-12-23T13:12:00.000,504191524.00,subday,y,discovery,2016-12-23T13:12:00,UTC-ISO,0.741,,FBOT_survey,rapid_transient,n,,,y,"Toshikage et al. 2024, ApJ, DOI 10.3847/1538-4357/ad8647 (arXiv:2410.10955)",Toshikage+2024 Table 3 (arXiv:2410.10955); matches TNS 10:01:55.620 +02:26:23.40,TNS (wis-tns.org/object/2016jll),Toshikage+2024 Table 3 (spec-z),misc_surveys,VERIFIED,HSC-SSP rapid transient (ML-selected sample of 14); M_peak=-18.5,B1,spectroscopically classified rapid transient (rapid_transient),subday,10,comparison
HSC17auls,AT 2017kih,149.47971,2.41892,2017-01-02T12:14:24.000,505052069.00,subday,y,first_detection,57755.51,MJD,0.339,,FBOT_survey,RET,n,,,y,"Tampo et al. 2020, ApJ 894, 27 (arXiv:2003.02669)","Tampo+2020 Table 1 (arXiv:2003.02669), sexagesimal converted; matches Toshikage+2024 Table 3 decimal","Tampo+2020 Table 4 (first epoch with detection, i-band)",Tampo+2020 Table 1 (spec-z),misc_surveys,VERIFIED,"HSC-SSP COSMOS rapidly evolving transient; M_i,peak=-17.53+/-0.02; also in Toshikage+2024 sample",B1,spectroscopically classified rapid transient (RET),subday,10,comparison
HSC17bbaz,,149.60967,0.88558,2017-01-02T12:43:12.000,505053797.00,subday,y,first_detection,57755.53,MJD,1.480,z err +0.063/-0.056,FBOT_survey,RET,n,,,n,"Tampo et al. 2020, ApJ 894, 27 (arXiv:2003.02669)","Tampo+2020 Table 1 (arXiv:2003.02669), sexagesimal converted","Tampo+2020 Table 4 (first epoch with detection, i-band)",Tampo+2020 Table 1 (photo-z),misc_surveys,VERIFIED,"HSC-SSP COSMOS rapidly evolving transient; M_i,peak=-19.76+/-0.11; photo-z only; NOT in Toshikage+2024 final sample",B2,photometric rapidly-evolving transient,subday,10,comparison
DES16C2ggt,,53.89117,-29.22481,2017-01-03T00:00:00.000,505094405.00,day,y,peak,57756,MJD,0.31,host spectroscopic redshift,FBOT_survey,gold,n,,,n,"Pursiainen+2018 MNRAS 481,894 (arXiv:1803.04869)","VizieR J/MNRAS/481/894/table4 (Pursiainen+2018 Table 4, J2000 sexagesimal converted)",VizieR J/MNRAS/481/894/table5 (t_peak = date of max observed g-band flux),"spec (host galaxy, PRIMUS; VizieR J/MNRAS/481/894/table4)",pursiainen18_des,VERIFIED,,B2,photometric rapidly-evolving transient,day,100000,comparison
HSC17bhyl,AT 2017kii,150.34254,2.03149,2017-01-21T12:00:00.000,506692805.00,subday,y,first_detection,57774.50,MJD,0.750,,FBOT_survey,RET,n,,,y,"Tampo et al. 2020, ApJ 894, 27 (arXiv:2003.02669)","Tampo+2020 Table 1 (arXiv:2003.02669), sexagesimal converted; matches Toshikage+2024 Table 3 decimal","Tampo+2020 Table 4 (first epoch with detection, z-band)",Tampo+2020 Table 1 (spec-z),misc_surveys,VERIFIED,"HSC-SSP COSMOS rapidly evolving transient; M_i,peak=-18.49+/-0.04; also in Toshikage+2024 sample",B1,spectroscopically classified rapid transient (RET),subday,10,comparison
DES16C3gin,,52.76275,-28.29194,2017-01-22T00:00:00.000,506736005.00,day,y,peak,57775,MJD,0.35,host spectroscopic redshift,FBOT_survey,silver,n,,,n,"Pursiainen+2018 MNRAS 481,894 (arXiv:1803.04869)","VizieR J/MNRAS/481/894/table4 (Pursiainen+2018 Table 4, J2000 sexagesimal converted)",VizieR J/MNRAS/481/894/table5 (t_peak = date of max observed g-band flux),"spec (host galaxy, OzDES; VizieR J/MNRAS/481/894/table4)",pursiainen18_des,VERIFIED,,B2,photometric rapidly-evolving transient,day,100000,comparison
HSC17btum,AT 2017kij,149.47508,2.66588,2017-01-30T10:33:36.000,507465221.00,subday,y,first_detection,57783.44,MJD,0.467,z err +0.010/-0.011,FBOT_survey,RET,n,,,n,"Tampo et al. 2020, ApJ 894, 27 (arXiv:2003.02669)","Tampo+2020 Table 1 (arXiv:2003.02669), sexagesimal converted; matches Toshikage+2024 Table 3 decimal","Tampo+2020 Table 4 (first epoch with detection, i-band)",Tampo+2020 Table 1 (photo-z),misc_surveys,VERIFIED,"HSC-SSP COSMOS rapidly evolving transient; M_i,peak=-17.35+/-0.05; also in Toshikage+2024 sample",B2,photometric rapidly-evolving transient,subday,10,comparison
AT 2017kik,HSC17cgdi,151.02149,2.84606,2017-02-23T08:52:48.000,509532773.00,subday,y,discovery,2017-02-23T08:52:48,UTC-ISO,0.805,,FBOT_survey,rapid_transient,n,,,y,"Toshikage et al. 2024, ApJ, DOI 10.3847/1538-4357/ad8647 (arXiv:2410.10955)",Toshikage+2024 Table 3 (arXiv:2410.10955); matches TNS 10:04:05.160 +02:50:45.80,TNS (search internal_name=HSC17cgdi),Toshikage+2024 Table 3 (spec-z),misc_surveys,VERIFIED,HSC-SSP rapid transient; M_peak=-18.6,B1,spectroscopically classified rapid transient (rapid_transient),subday,10,comparison
HSC17dadp,AT 2017kil,150.12104,1.60768,2017-02-25T09:50:24.000,509709029.00,subday,y,first_detection,57809.41,MJD,0.830,z err +0.055/-0.047,FBOT_survey,RET,n,,,n,"Tampo et al. 2020, ApJ 894, 27 (arXiv:2003.02669)","Tampo+2020 Table 1 (arXiv:2003.02669), sexagesimal converted; matches Toshikage+2024 Table 3 decimal","Tampo+2020 Table 4 (first epoch with detection, i-band)",Tampo+2020 Table 1 (photo-z),misc_surveys,VERIFIED,"HSC-SSP COSMOS rapidly evolving transient; M_i,peak=-18.74+/-0.03; also in Toshikage+2024 sample",B2,photometric rapidly-evolving transient,subday,10,comparison
SN 2017fei,HSC17dbpf,149.63925,1.99158,2017-03-04T07:26:24.000,510305189.00,subday,y,discovery,2017-03-04T07:26:24,UTC-ISO,1.851,,FBOT_survey,rapid_transient,n,,,y,"Toshikage et al. 2024, ApJ, DOI 10.3847/1538-4357/ad8647 (arXiv:2410.10955)",Toshikage+2024 Table 3 (arXiv:2410.10955); matches TNS 09:58:33.420 +01:59:29.70,TNS (wis-tns.org/object/2017fei),Toshikage+2024 Table 3 (spec-z),misc_surveys,VERIFIED,HSC-SSP rapid transient; M_peak=-20.8 (SLSN-like luminosity); TNS type unspecified,B1,spectroscopically classified rapid transient (rapid_transient),subday,10,comparison
AT 2017kim,HSC17dhvg,149.87828,1.56411,2017-03-06T12:14:24.000,510495269.00,subday,y,discovery,2017-03-06T12:14:24,UTC-ISO,0.730,,FBOT_survey,rapid_transient,n,,,n,"Toshikage et al. 2024, ApJ, DOI 10.3847/1538-4357/ad8647 (arXiv:2410.10955)",Toshikage+2024 Table 3 (arXiv:2410.10955); matches TNS 09:59:30.790 +01:33:50.80,TNS (wis-tns.org/object/2017kim),Toshikage+2024 Table 3 (photo-z),misc_surveys,VERIFIED,HSC-SSP rapid transient; M_peak=-17.1; photo-z,B2,photometric rapidly-evolving transient,subday,10,comparison
AT 2017kin,HSC17dodm,150.79599,2.16747,2017-03-29T06:57:36.000,512463461.00,subday,y,discovery,2017-03-29T06:57:36,UTC-ISO,1.476,,FBOT_survey,rapid_transient,n,,,y,"Toshikage et al. 2024, ApJ, DOI 10.3847/1538-4357/ad8647 (arXiv:2410.10955)",Toshikage+2024 Table 3 (arXiv:2410.10955); matches TNS 10:03:11.040 +02:10:02.90,TNS (search internal_name=HSC17dodm),Toshikage+2024 Table 3 (spec-z),misc_surveys,VERIFIED,HSC-SSP rapid transient; M_peak=-18.6,B1,spectroscopically classified rapid transient (rapid_transient),subday,10,comparison
SN2018bcc,ZTF18aakuewf;ATLAS18nkv;Gaia18bbd,243.59438,35.91789,2018-04-19T14:08:09.000,545839694.00,subday,y,discovery,2018-04-19T14:08:09,UTC-ISO,0.0636,,FBOT_survey,Ibn,n,,,y,"Ho et al. 2023, ApJ, 949, 120 (arXiv:2105.08811; doi:10.3847/1538-4357/acc533)",Ho+2023 Table 2 (J2000 sexagesimal converted),TNS https://www.wis-tns.org/object/2018bcc,Ho+2023 Table 2,ho23_ztf,VERIFIED,g-band peak MJD 58230.38 (Ho+23 Tab.2); g-r=-0.3 at peak: in blue FBOT subset (28 of 38); TNS agrees within 0.1 arcsec,B1,spectroscopically classified rapid transient (Ibn),subday,10,comparison
AT2018lwd,ZTF18abianhw,290.91917,44.80836,2018-07-17T05:58:42.240,553499927.24,subday,y,discovery,2018-07-17T05:58:42.240,UTC-ISO,,,FBOT_survey,unclassified,n,,,n,"Ho et al. 2023, ApJ, 949, 120 (arXiv:2105.08811; doi:10.3847/1538-4357/acc533)",Ho+2023 Table 2 (J2000 sexagesimal converted),TNS https://www.wis-tns.org/object/2018lwd,,ho23_ztf,VERIFIED,g-band peak MJD 58318.41 (Ho+23 Tab.2); g-r=-0.2 at peak: in blue FBOT subset (28 of 38); TNS agrees within 0.3 arcsec,B2,photometric rapidly-evolving transient,subday,10,comparison
SN2018gep,ZTF18abukavn;ATLAS18vah,250.95083,41.04536,2018-09-09T03:55:17.000,558158122.00,subday,y,discovery,2018-09-09T03:55:17,UTC-ISO,0.03154,~143 Mpc (paper),FBOT_survey,Ic-BL,n,,,y,"Ho et al. 2023, ApJ, 949, 120 (arXiv:2105.08811; doi:10.3847/1538-4357/acc533)",Ho+2023 Table 2 (J2000 sexagesimal converted),TNS https://www.wis-tns.org/object/2018gep,Ho+2023 Table 2,ho23_ztf;misc_surveys,VERIFIED,g-band peak MJD 58374.22 (Ho+23 Tab.2); g-r=-0.4 at peak: in blue FBOT subset (28 of 38); TNS agrees within 0.1 arcsec,B1,spectroscopically classified rapid transient (Ic-BL),subday,10,comparison
SN2018ghd,ZTF18abvkmgw;ATLAS18vew,9.36196,15.01422,2018-09-14T12:51:50.000,558622315.00,subday,y,discovery,2018-09-14T12:51:50,UTC-ISO,0.03923,,FBOT_survey,Ib,n,,,y,"Ho et al. 2023, ApJ, 949, 120 (arXiv:2105.08811; doi:10.3847/1538-4357/acc533)",Ho+2023 Table 2 (J2000 sexagesimal converted),TNS https://www.wis-tns.org/object/2018ghd,Ho+2023 Table 2,ho23_ztf,VERIFIED,"g-band peak MJD 58377.35 (Ho+23 Tab.2); g-r=-0.1 at peak: red candidate, not in blue FBOT subset; TNS agrees within 0.1 arcsec",B1,spectroscopically classified rapid transient (Ib),subday,10,comparison
SN2018gjx,ZTF18abwkrbl;ATLAS18vis;Gaia18csc;PS19do;PSP18C;kait-18ao,34.06492,28.59128,2018-09-15T19:41:24.000,558733289.00,subday,y,discovery,2018-09-15T19:41:24,UTC-ISO,0.00999,,FBOT_survey,IIb,n,,,y,"Ho et al. 2023, ApJ, 949, 120 (arXiv:2105.08811; doi:10.3847/1538-4357/acc533)",Ho+2023 Table 2 (J2000 sexagesimal converted),TNS https://www.wis-tns.org/object/2018gjx,Ho+2023 Table 2,ho23_ztf,VERIFIED,g-band peak MJD 58379.44 (Ho+23 Tab.2); g-r=-0.2 at peak: in blue FBOT subset (28 of 38); TNS agrees within 0.0 arcsec,B1,spectroscopically classified rapid transient (IIb),subday,10,comparison
AT2019dcm,ZTF19aankdan,178.44642,44.74578,2019-03-30T06:28:24.000,575620109.00,subday,y,discovery,2019-03-30T06:28:24,UTC-ISO,,,FBOT_survey,unclassified,n,,,n,"Ho et al. 2023, ApJ, 949, 120 (arXiv:2105.08811; doi:10.3847/1538-4357/acc533)",Ho+2023 Table 2 (J2000 sexagesimal converted),TNS https://www.wis-tns.org/object/2019dcm,,ho23_ztf,VERIFIED,"g-band peak MJD 58572.27 (Ho+23 Tab.2); g-r=-0.1 at peak: red candidate, not in blue FBOT subset; TNS agrees within 0.1 arcsec",B2,photometric rapidly-evolving transient,subday,10,comparison
SN2019deh,ZTF19aapfmki;ATLAS19gez;PS19aaq,211.43150,9.51572,2019-04-07T08:32:29.000,576318754.00,subday,y,discovery,2019-04-07T08:32:29,UTC-ISO,0.05469,,FBOT_survey,Ibn,n,,,y,"Ho et al. 2023, ApJ, 949, 120 (arXiv:2105.08811; doi:10.3847/1538-4357/acc533)",Ho+2023 Table 2 (J2000 sexagesimal converted),TNS https://www.wis-tns.org/object/2019deh,Ho+2023 Table 2,ho23_ztf,VERIFIED,g-band peak MJD 58587.33 (Ho+23 Tab.2); g-r=-0.2 at peak: in blue FBOT subset (28 of 38); TNS agrees within 0.2 arcsec,B1,spectroscopically classified rapid transient (Ibn),subday,10,comparison
SN2019dge,ZTF18abfcmjw;ATLAS19bftt,264.19475,50.54781,2019-04-07T10:44:44.000,576326689.00,subday,y,discovery,2019-04-07T10:44:44,UTC-ISO,0.0213,,FBOT_survey,Ib,n,,,y,"Ho et al. 2023, ApJ, 949, 120 (arXiv:2105.08811; doi:10.3847/1538-4357/acc533)",Ho+2023 Table 2 (J2000 sexagesimal converted),TNS https://www.wis-tns.org/object/2019dge,Ho+2023 Table 2,ho23_ztf,VERIFIED,g-band peak MJD 58583.16 (Ho+23 Tab.2); g-r=-0.2 at peak: in blue FBOT subset (28 of 38); TNS agrees within 0.0 arcsec,B1,spectroscopically classified rapid transient (Ib),subday,10,comparison
AT2019aajt,ZTF19aapuudk,227.51479,38.11994,2019-04-11T06:49:40.800,576658185.80,subday,y,discovery,2019-04-11T06:49:40.800,UTC-ISO,,,FBOT_survey,unclassified,n,,,n,"Ho et al. 2023, ApJ, 949, 120 (arXiv:2105.08811; doi:10.3847/1538-4357/acc533)",Ho+2023 Table 2 (J2000 sexagesimal converted),TNS https://www.wis-tns.org/object/2019aajt,,ho23_ztf,VERIFIED,g-band peak MJD 58585.27 (Ho+23 Tab.2); g-r=-0.3 at peak: in blue FBOT subset (28 of 38); TNS agrees within 0.1 arcsec,B2,photometric rapidly-evolving transient,subday,10,comparison
AT2019aaju,ZTF19aasexmy,202.97663,25.73497,2019-04-27T05:41:34.080,578036499.08,subday,y,discovery,2019-04-27T05:41:34.080,UTC-ISO,,,FBOT_survey,unclassified,n,,,n,"Ho et al. 2023, ApJ, 949, 120 (arXiv:2105.08811; doi:10.3847/1538-4357/acc533)",Ho+2023 Table 2 (J2000 sexagesimal converted),TNS https://www.wis-tns.org/object/2019aaju,,ho23_ztf,VERIFIED,"g-band peak MJD 58599.33 (Ho+23 Tab.2); g-r=-0.3 at peak: in blue FBOT subset (28 of 38); TNS agrees within 0.0 arcsec; TNS discovery timestamp postdates g-band peak by 0.9 d (TNS report epoch, not ZTF internal first detection)",B2,photometric rapidly-evolving transient,subday,10,comparison
AT2019esf,ZTF19aatoboa;PS19afa,186.41904,44.74689,2019-05-03T09:45:48.000,578569553.00,subday,y,discovery,2019-05-03T09:45:48,UTC-ISO,0.0758,,FBOT_survey,unclassified,n,,,n,"Ho et al. 2023, ApJ, 949, 120 (arXiv:2105.08811; doi:10.3847/1538-4357/acc533)",Ho+2023 Table 2 (J2000 sexagesimal converted),TNS https://www.wis-tns.org/object/2019esf,Ho+2023 Table 2,ho23_ztf,VERIFIED,g-band peak MJD 58609.22 (Ho+23 Tab.2); g-r=-0.4 at peak: in blue FBOT subset (28 of 38); TNS agrees within 0.1 arcsec,B2,photometric rapidly-evolving transient,subday,10,comparison
AT2019ijn,ZTF19aawnmoj,198.1689635,21.2276811,2019-06-24T04:18:29.000,583042714.00,subday,y,discovery,2019-06-24T04:18:29,UTC-ISO,0.273,nuclear region of dwarf galaxy,FBOT_candidate,jetted_TDE_candidate,n,y,,,Ding+2026 arXiv:2607.11545,TNS object page,TNS object page,Ding+2026 arXiv:2607.11545,recent_sweep,VERIFIED,"Fast-rising (M_g=-21.1 in 5 d) slow-decaying blue transient; T_BB~1.5-1.6e4 K; radio peak L_nu=2e31 erg/s/Hz at 640 d - >=100x brighter than radio-bright FBOTs; off-axis relativistic jet ~40 deg; jetted IMBH TDE favored, magnetar not ruled out; pre-2023 object published 2026",B2,photometric rapidly-evolving transient,subday,10,comparison
AT2019kyw,ZTF19abfarpa,166.78983,57.10089,2019-07-06T04:48:00.000,584081285.00,subday,y,discovery,2019-07-06T04:48:00,UTC-ISO,0.074,,FBOT_survey,unclassified,n,,,n,"Ho et al. 2023, ApJ, 949, 120 (arXiv:2105.08811; doi:10.3847/1538-4357/acc533)",Ho+2023 Table 2 (J2000 sexagesimal converted),TNS https://www.wis-tns.org/object/2019kyw,Ho+2023 Table 2,ho23_ztf,VERIFIED,g-band peak MJD 58676.18 (Ho+23 Tab.2); g-r=-0.2 at peak: in blue FBOT subset (28 of 38); TNS agrees within 0.2 arcsec,B2,photometric rapidly-evolving transient,subday,10,comparison
AT2019lbr,ZTF19abeyvoi;ATLAS19pdw,357.56583,8.11814,2019-07-12T13:36:28.000,584631393.00,subday,y,discovery,2019-07-12T13:36:28,UTC-ISO,,,FBOT_survey,unclassified,n,,,n,"Ho et al. 2023, ApJ, 949, 120 (arXiv:2105.08811; doi:10.3847/1538-4357/acc533)",Ho+2023 Table 2 (J2000 sexagesimal converted),TNS https://www.wis-tns.org/object/2019lbr,,ho23_ztf,VERIFIED,"g-band peak MJD 58675.45 (Ho+23 Tab.2); g-r=-0.4 at peak: in blue FBOT subset (28 of 38); TNS agrees within 0.1 arcsec; TNS discovery timestamp postdates g-band peak by 1.1 d (TNS report epoch, not ZTF internal first detection)",B2,photometric rapidly-evolving transient,subday,10,comparison
SN2019myn,ZTF19abobxik;PS19eop,10.92967,37.06081,2019-08-08T10:18:44.000,586952329.00,subday,y,discovery,2019-08-08T10:18:44,UTC-ISO,0.1,,FBOT_survey,Ibn,n,,,y,"Ho et al. 2023, ApJ, 949, 120 (arXiv:2105.08811; doi:10.3847/1538-4357/acc533)",Ho+2023 Table 2 (J2000 sexagesimal converted),TNS https://www.wis-tns.org/object/2019myn,Ho+2023 Table 2,ho23_ztf,VERIFIED,"g-band peak MJD 58706.45 (Ho+23 Tab.2); g-r=-0.1 at peak: red candidate, not in blue FBOT subset; TNS agrees within 0.1 arcsec",B1,spectroscopically classified rapid transient (Ibn),subday,10,comparison
AT2019aajv,ZTF19abrpfps,279.11375,45.09222,2019-08-25T04:00:37.440,588398442.44,subday,y,discovery,2019-08-25T04:00:37.440,UTC-ISO,,,FBOT_survey,unclassified,n,,,n,"Ho et al. 2023, ApJ, 949, 120 (arXiv:2105.08811; doi:10.3847/1538-4357/acc533)",Ho+2023 Table 2 (J2000 sexagesimal converted),TNS https://www.wis-tns.org/object/2019aajv,,ho23_ztf,VERIFIED,g-band peak MJD 58720.22 (Ho+23 Tab.2); g-r=-0.4 at peak: in blue FBOT subset (28 of 38); TNS agrees within 0.2 arcsec,B2,photometric rapidly-evolving transient,subday,10,comparison
SN2019php,ZTF19abuvqgw;ATLAS19ufu,297.52654,66.08236,2019-09-02T08:05:16.000,589104321.00,subday,y,discovery,2019-09-02T08:05:16,UTC-ISO,0.087,,FBOT_survey,Ibn,n,,,y,"Ho et al. 2023, ApJ, 949, 120 (arXiv:2105.08811; doi:10.3847/1538-4357/acc533)",Ho+2023 Table 2 (J2000 sexagesimal converted),TNS https://www.wis-tns.org/object/2019php,Ho+2023 Table 2,ho23_ztf,VERIFIED,g-band peak MJD 58730.30 (Ho+23 Tab.2); g-r=-0.2 at peak: in blue FBOT subset (28 of 38); TNS agrees within 0.1 arcsec,B1,spectroscopically classified rapid transient (Ibn),subday,10,comparison
SN2019qav,ZTF19abyjzvd;PS19fbn,252.05375,48.08056,2019-09-11T06:59:02.000,589877947.00,subday,y,discovery,2019-09-11T06:59:02,UTC-ISO,0.1353,,FBOT_survey,IIn/Ibn,n,,,y,"Ho et al. 2023, ApJ, 949, 120 (arXiv:2105.08811; doi:10.3847/1538-4357/acc533)",Ho+2023 Table 2 (J2000 sexagesimal converted),TNS https://www.wis-tns.org/object/2019qav,Ho+2023 Table 2,ho23_ztf,VERIFIED,g-band peak MJD 58739.13 (Ho+23 Tab.2); g-r=-0.3 at peak: in blue FBOT subset (28 of 38); TNS agrees within 0.0 arcsec,B1,spectroscopically classified rapid transient (IIn/Ibn),subday,10,comparison
AT2019qwx,ZTF19acaxbjt;PS19fww,348.14975,9.03553,2019-09-25T04:46:09.000,591079574.00,subday,y,discovery,2019-09-25T04:46:09,UTC-ISO,,,FBOT_survey,unclassified,n,,,n,"Ho et al. 2023, ApJ, 949, 120 (arXiv:2105.08811; doi:10.3847/1538-4357/acc533)",Ho+2023 Table 2 (J2000 sexagesimal converted),TNS https://www.wis-tns.org/object/2019qwx,,ho23_ztf,VERIFIED,g-band peak MJD 58754.20 (Ho+23 Tab.2); g-r=-0.3 at peak: in blue FBOT subset (28 of 38); TNS agrees within 0.1 arcsec,B2,photometric rapidly-evolving transient,subday,10,comparison
SN2019rii,ZTF19acayojs;ATLAS19wqu,320.67446,22.88189,2019-09-28T06:39:34.000,591345579.00,subday,y,discovery,2019-09-28T06:39:34,UTC-ISO,0.1234,,FBOT_survey,Ibn,n,,,y,"Ho et al. 2023, ApJ, 949, 120 (arXiv:2105.08811; doi:10.3847/1538-4357/acc533)",Ho+2023 Table 2 (J2000 sexagesimal converted),TNS https://www.wis-tns.org/object/2019rii,Ho+2023 Table 2,ho23_ztf,VERIFIED,"g-band peak MJD 58757.18 (Ho+23 Tab.2); g-r=-0.1 at peak: red candidate, not in blue FBOT subset; TNS agrees within 0.0 arcsec",B1,spectroscopically classified rapid transient (Ibn),subday,10,comparison
SN2019rta,ZTF19accjfgv,127.20542,75.32806,2019-10-03T10:17:35.000,591790660.00,subday,y,discovery,2019-10-03T10:17:35,UTC-ISO,0.027,,FBOT_survey,IIb,n,,,y,"Ho et al. 2023, ApJ, 949, 120 (arXiv:2105.08811; doi:10.3847/1538-4357/acc533)",Ho+2023 Table 2 (J2000 sexagesimal converted),TNS https://www.wis-tns.org/object/2019rta,Ho+2023 Table 2,ho23_ztf,VERIFIED,"g-band peak MJD 58759.43 (Ho+23 Tab.2); g-r=-0.1 at peak: red candidate, not in blue FBOT subset; TNS agrees within 0.2 arcsec",B1,spectroscopically classified rapid transient (IIb),subday,10,comparison
AT2019scr,ZTF19accxzsc;ATLAS19xsq,51.56138,4.79075,2019-10-06T13:27:50.000,592061275.00,subday,y,discovery,2019-10-06T13:27:50,UTC-ISO,,,FBOT_survey,unclassified,n,,,n,"Ho et al. 2023, ApJ, 949, 120 (arXiv:2105.08811; doi:10.3847/1538-4357/acc533)",Ho+2023 Table 2 (J2000 sexagesimal converted),TNS https://www.wis-tns.org/object/2019scr,,ho23_ztf,VERIFIED,g-band peak MJD 58763.42 (Ho+23 Tab.2); g-r=-0.7 at peak: in blue FBOT subset (28 of 38); TNS agrees within 0.1 arcsec,B2,photometric rapidly-evolving transient,subday,10,comparison
AT 2019aavm,HSC19aqfi,34.80293,-4.93046,2019-10-23T12:43:12.000,593527397.00,subday,y,discovery,2019-10-23T12:43:12,UTC-ISO,0.851,,FBOT_survey,rapid_transient,n,,,n,"Toshikage et al. 2024, ApJ, DOI 10.3847/1538-4357/ad8647 (arXiv:2410.10955)",Toshikage+2024 Table 3 (arXiv:2410.10955); matches TNS 02:19:12.700 -04:55:49.70,TNS (search name=2019aav),Toshikage+2024 Table 3 (photo-z),misc_surveys,VERIFIED,HSC-SSP rapid transient (SXDS/XMM-LSS field); M_peak=-17.9; photo-z,B2,photometric rapidly-evolving transient,subday,10,comparison
AT2019van,ZTF19acsakuv,95.31400,53.27764,2019-11-13T10:10:50.000,595332655.00,subday,y,discovery,2019-11-13T10:10:50,UTC-ISO,,,FBOT_survey,unclassified,n,,,n,"Ho et al. 2023, ApJ, 949, 120 (arXiv:2105.08811; doi:10.3847/1538-4357/acc533)",Ho+2023 Table 2 (J2000 sexagesimal converted),TNS https://www.wis-tns.org/object/2019van,,ho23_ztf,VERIFIED,g-band peak MJD 58800.55 (Ho+23 Tab.2); g-r=-0.4 at peak: in blue FBOT subset (28 of 38); TNS agrees within 0.1 arcsec,B2,photometric rapidly-evolving transient,subday,10,comparison
AT 2019aavn,HSC19bbhh,35.68173,-4.05113,2019-11-23T06:28:48.000,596183333.00,subday,y,discovery,2019-11-23T06:28:48,UTC-ISO,1.370,,FBOT_survey,rapid_transient,n,,,n,"Toshikage et al. 2024, ApJ, DOI 10.3847/1538-4357/ad8647 (arXiv:2410.10955)",Toshikage+2024 Table 3 (arXiv:2410.10955); matches TNS 02:22:43.610 -04:03:04.10,TNS (search name=2019aav),Toshikage+2024 Table 3 (photo-z),misc_surveys,VERIFIED,HSC-SSP rapid transient; M_peak=-22.0 (most luminous of sample); photo-z,B2,photometric rapidly-evolving transient,subday,10,comparison
AT 2019aavp,HSC19bfbh,34.31801,-4.93499,2019-11-27T05:31:12.000,596525477.00,subday,y,discovery,2019-11-27T05:31:12,UTC-ISO,1.481,,FBOT_survey,rapid_transient,n,,,n,"Toshikage et al. 2024, ApJ, DOI 10.3847/1538-4357/ad8647 (arXiv:2410.10955)",Toshikage+2024 Table 3 (arXiv:2410.10955); matches TNS 02:17:16.320 -04:56:06.00,TNS (search name=2019aav),Toshikage+2024 Table 3 (photo-z),misc_surveys,VERIFIED,HSC-SSP rapid transient; M_peak=-19.0; photo-z,B2,photometric rapidly-evolving transient,subday,10,comparison
AT 2019aavo,HSC19beav,35.96370,-5.80319,2019-11-27T05:45:36.000,596526341.00,subday,y,discovery,2019-11-27T05:45:36,UTC-ISO,0.312,,FBOT_survey,rapid_transient,n,,,y,"Toshikage et al. 2024, ApJ, DOI 10.3847/1538-4357/ad8647 (arXiv:2410.10955)",Toshikage+2024 Table 3 (arXiv:2410.10955); matches TNS 02:23:51.290 -05:48:11.50,TNS (search name=2019aav),Toshikage+2024 Table 3 (spec-z),misc_surveys,VERIFIED,HSC-SSP rapid transient; M_peak=-17.7,B1,spectroscopically classified rapid transient (rapid_transient),subday,10,comparison
AT 2019aavq,HSC19bijv,34.37900,-5.49328,2019-11-27T08:09:36.000,596534981.00,subday,y,discovery,2019-11-27T08:09:36,UTC-ISO,1.486,,FBOT_survey,rapid_transient,n,,,n,"Toshikage et al. 2024, ApJ, DOI 10.3847/1538-4357/ad8647 (arXiv:2410.10955)",Toshikage+2024 Table 3 (arXiv:2410.10955); matches TNS 02:17:30.960 -05:29:35.80,TNS (search name=2019aav),Toshikage+2024 Table 3 (photo-z),misc_surveys,VERIFIED,HSC-SSP rapid transient; M_peak=-19.1; photo-z,B2,photometric rapidly-evolving transient,subday,10,comparison
SN2020oi,ZTF20aaelulu;ATLAS20atq;Gaia20ali;PS20eg,185.72883,15.82361,2020-01-07T13:00:54.000,600094859.00,subday,y,discovery,2020-01-07T13:00:54,UTC-ISO,0.0052,,FBOT_survey,Ic,n,,,y,"Ho et al. 2023, ApJ, 949, 120 (arXiv:2105.08811; doi:10.3847/1538-4357/acc533)",Ho+2023 Table 2 (J2000 sexagesimal converted),TNS https://www.wis-tns.org/object/2020oi,Ho+2023 Table 2,ho23_ztf,VERIFIED,"g-band peak MJD 58862.48 (Ho+23 Tab.2); g-r=+0.1 at peak: red candidate, not in blue FBOT subset; TNS agrees within 0.1 arcsec",B1,spectroscopically classified rapid transient (Ic),subday,10,comparison
SN2020ano,ZTF20aahfqpm,196.60496,53.47931,2020-01-23T11:10:01.000,601470606.00,subday,y,discovery,2020-01-23T11:10:01,UTC-ISO,0.03113,,FBOT_survey,IIb,n,,,y,"Ho et al. 2023, ApJ, 949, 120 (arXiv:2105.08811; doi:10.3847/1538-4357/acc533)",Ho+2023 Table 2 (J2000 sexagesimal converted),TNS https://www.wis-tns.org/object/2020ano,Ho+2023 Table 2,ho23_ztf,VERIFIED,g-band peak MJD 58871.45 (Ho+23 Tab.2); g-r=-0.5 at peak: in blue FBOT subset (28 of 38); TNS agrees within 0.1 arcsec,B1,spectroscopically classified rapid transient (IIb),subday,10,comparison
AT2020bdh,ZTF20aaivtof;ATLAS20elz,42.07704,-9.44800,2020-01-27T03:51:36.000,601789901.00,subday,y,discovery,2020-01-27T03:51:36,UTC-ISO,0.04106,,FBOT_survey,IIn?,n,,,y,"Ho et al. 2023, ApJ, 949, 120 (arXiv:2105.08811; doi:10.3847/1538-4357/acc533)",Ho+2023 Table 2 (J2000 sexagesimal converted),TNS https://www.wis-tns.org/object/2020bdh,Ho+2023 Table 2,ho23_ztf,VERIFIED,"g-band peak MJD 58875.16 (Ho+23 Tab.2); g-r=-0.1 at peak: red candidate, not in blue FBOT subset; TNS agrees within 0.1 arcsec; TNS z=0.035 vs paper z=0.04106; paper adopted",B1,spectroscopically classified rapid transient (IIn?),subday,10,comparison
AT2020bot,ZTF20aakypiu,172.807278718,34.5002110798,2020-02-01T10:38:02.000,602246287.00,subday,y,discovery,2020-02-01T10:38:02,UTC-ISO,0.197,passive host; offset >~10 kpc,FBOT_candidate,LFC_luminous_fast_cooler,n,,,n,Nicholl+2023 arXiv:2307.02556 (ApJL 954 L28),TNS object page,TNS object page,Nicholl+2023 arXiv:2307.02556,ho23_ztf;recent_sweep,VERIFIED,"Proposed LFC class member (Nicholl+2023); ""lacks a full spectroscopic"" sequence per Nicholl+2023; fainter and faster than AT2022aedm; pre-2023 object but class defined in 2023 paper; radio/X-ray status not stated in fetched text",B2,photometric rapidly-evolving transient,subday,10,comparison
SN2020ikq,ZTF20aaxhzhc;ATLAS20lfu;PS20ctw,204.02087,28.98336,2020-04-28T09:47:31.200,609760056.20,subday,y,discovery,2020-04-28T09:47:31.200,UTC-ISO,0.042,,FBOT_survey,IIb,n,,,y,"Ho et al. 2023, ApJ, 949, 120 (arXiv:2105.08811; doi:10.3847/1538-4357/acc533)",Ho+2023 Table 2 (J2000 sexagesimal converted),TNS https://www.wis-tns.org/object/2020ikq,Ho+2023 Table 2,ho23_ztf,VERIFIED,g-band peak MJD 58971.30 (Ho+23 Tab.2); g-r=-0.2 at peak: in blue FBOT subset (28 of 38); TNS agrees within 0.1 arcsec; TNS z=0.037 vs paper z=0.042; paper adopted,B1,spectroscopically classified rapid transient (IIb),subday,10,comparison
SN2020jji,ZTF20aazchcq;ATLAS20mfw;PS20czx,220.41904,19.34914,2020-05-01T08:38:15.360,610015100.36,subday,y,discovery,2020-05-01T08:38:15.360,UTC-ISO,0.03788,,FBOT_survey,II,n,,,y,"Ho et al. 2023, ApJ, 949, 120 (arXiv:2105.08811; doi:10.3847/1538-4357/acc533)",Ho+2023 Table 2 (J2000 sexagesimal converted),TNS https://www.wis-tns.org/object/2020jji,Ho+2023 Table 2,ho23_ztf,VERIFIED,"g-band peak MJD 58979.25 (Ho+23 Tab.2); g-r=+0.4 at peak: red candidate, not in blue FBOT subset; TNS agrees within 0.0 arcsec",B1,spectroscopically classified rapid transient (II),subday,10,comparison
SN2020jmb,ZTF20aayrobw;ATLAS20lwn,142.80496,38.25400,2020-05-08T03:45:38.880,610602343.88,subday,y,discovery,2020-05-08T03:45:38.880,UTC-ISO,0.061,,FBOT_survey,II,n,,,y,"Ho et al. 2023, ApJ, 949, 120 (arXiv:2105.08811; doi:10.3847/1538-4357/acc533)",Ho+2023 Table 2 (J2000 sexagesimal converted),TNS https://www.wis-tns.org/object/2020jmb,Ho+2023 Table 2,ho23_ztf,VERIFIED,g-band peak MJD 58981.17 (Ho+23 Tab.2); g-r=-0.5 at peak: in blue FBOT subset (28 of 38); TNS agrees within 0.1 arcsec,B1,spectroscopically classified rapid transient (II),subday,10,comparison
AT2020mlq,ZTF20aazrcbp,165.58704,30.86447,2020-05-11T06:09:21.000,610870166.00,subday,y,discovery,2020-05-11T06:09:21,UTC-ISO,,,FBOT_survey,unclassified,n,,,n,"Ho et al. 2023, ApJ, 949, 120 (arXiv:2105.08811; doi:10.3847/1538-4357/acc533)",Ho+2023 Table 2 (J2000 sexagesimal converted),TNS https://www.wis-tns.org/object/2020mlq,,ho23_ztf,VERIFIED,"g-band peak MJD 58986.21 (Ho+23 Tab.2); g-r=+0.0 at peak: red candidate, not in blue FBOT subset; TNS agrees within 0.0 arcsec",B2,photometric rapidly-evolving transient,subday,10,comparison
AT2020kfw,ZTF20ababxjv;ATLAS20nfg,247.16450,56.22794,2020-05-17T07:18:43.998,611392729.00,subday,y,discovery,2020-05-17T07:18:43.998,UTC-ISO,0.059,,FBOT_survey,unclassified,n,,,n,"Ho et al. 2023, ApJ, 949, 120 (arXiv:2105.08811; doi:10.3847/1538-4357/acc533)",Ho+2023 Table 2 (J2000 sexagesimal converted),TNS https://www.wis-tns.org/object/2020kfw,Ho+2023 Table 2,ho23_ztf,VERIFIED,g-band peak MJD 58991.33 (Ho+23 Tab.2); g-r=-0.2 at peak: in blue FBOT subset (28 of 38); TNS agrees within 0.1 arcsec,B2,photometric rapidly-evolving transient,subday,10,comparison
AT2020aexw,ZTF20abmocba,248.66204,50.99069,2020-07-18T04:48:17.280,616740502.28,subday,y,discovery,2020-07-18T04:48:17.280,UTC-ISO,0.0734,,FBOT_survey,unclassified,n,,,n,"Ho et al. 2023, ApJ, 949, 120 (arXiv:2105.08811; doi:10.3847/1538-4357/acc533)",Ho+2023 Table 2 (J2000 sexagesimal converted),TNS https://www.wis-tns.org/object/2020aexw,Ho+2023 Table 2,ho23_ztf,VERIFIED,g-band peak MJD 59051.26 (Ho+23 Tab.2); g-r=-0.2 at peak: in blue FBOT subset (28 of 38); TNS agrees within 0.2 arcsec,B2,photometric rapidly-evolving transient,subday,10,comparison
SN2020rsc,ZTF20aburywx;ATLAS20xxj,19.98546,38.18597,2020-08-19T09:52:06.004,619523531.00,subday,y,discovery,2020-08-19T09:52:06.004,UTC-ISO,0.0313,,FBOT_survey,IIb,n,,,y,"Ho et al. 2023, ApJ, 949, 120 (arXiv:2105.08811; doi:10.3847/1538-4357/acc533)",Ho+2023 Table 2 (J2000 sexagesimal converted),TNS https://www.wis-tns.org/object/2020rsc,Ho+2023 Table 2,ho23_ztf,VERIFIED,g-band peak MJD 59081.47 (Ho+23 Tab.2); g-r=-0.2 at peak: in blue FBOT subset (28 of 38); TNS agrees within 0.2 arcsec,B1,spectroscopically classified rapid transient (IIb),subday,10,comparison
AT2020yqt,ZTF20abummyz;PS20ksm,252.69133,30.75414,2020-08-22T05:29:45.600,619766990.60,subday,y,discovery,2020-08-22T05:29:45.600,UTC-ISO,0.0986,,FBOT_survey,Feat.,n,,,y,"Ho et al. 2023, ApJ, 949, 120 (arXiv:2105.08811; doi:10.3847/1538-4357/acc533)",Ho+2023 Table 2 (J2000 sexagesimal converted),TNS https://www.wis-tns.org/object/2020yqt,Ho+2023 Table 2,ho23_ztf,VERIFIED,"g-band peak MJD 59080.21 (Ho+23 Tab.2); g-r=-0.6 at peak: in blue FBOT subset (28 of 38); TNS agrees within 0.1 arcsec; TNS discovery timestamp postdates g-band peak by 3.0 d (TNS report epoch, not ZTF internal first detection)",B1,spectroscopically classified rapid transient (Feat.),subday,10,comparison
SN2020vyv,ZTF20acigusw;ATLAS20bdhi;PS20kra,342.60571,8.84494,2020-10-12T04:42:14.400,624170539.40,subday,y,discovery,2020-10-12T04:42:14.400,UTC-ISO,0.062,,FBOT_survey,II?,n,,,y,"Ho et al. 2023, ApJ, 949, 120 (arXiv:2105.08811; doi:10.3847/1538-4357/acc533)",Ho+2023 Table 2 (J2000 sexagesimal converted),TNS https://www.wis-tns.org/object/2020vyv,Ho+2023 Table 2,ho23_ztf,VERIFIED,g-band peak MJD 59134.23 (Ho+23 Tab.2); g-r=-0.3 at peak: in blue FBOT subset (28 of 38); TNS agrees within 0.2 arcsec,B1,spectroscopically classified rapid transient (II?),subday,10,comparison
SN2020xlt,ZTF20aclfmwn,124.29704,64.52631,2020-10-19T08:50:56.000,624790261.00,subday,y,discovery,2020-10-19T08:50:56,UTC-ISO,0.0384,,FBOT_survey,IIb,n,,,y,"Ho et al. 2023, ApJ, 949, 120 (arXiv:2105.08811; doi:10.3847/1538-4357/acc533)",Ho+2023 Table 2 (J2000 sexagesimal converted),TNS https://www.wis-tns.org/object/2020xlt,Ho+2023 Table 2,ho23_ztf,VERIFIED,g-band peak MJD 59141.45 (Ho+23 Tab.2); g-r=-0.2 at peak: in blue FBOT subset (28 of 38); TNS agrees within 0.2 arcsec,B1,spectroscopically classified rapid transient (IIb),subday,10,comparison
MUSSES2020J,AT 2020afay; HSC20 MUSSES,39.04383,-3.18306,2020-12-11T07:26:24.000,629364389.00,subday,y,first_detection,59194.31,MJD,1.0628,z=1.0628+/-0.0003,FBOT_survey,FBUT,n,,,y,"Jiang et al. 2022, ApJL 933, L36 (arXiv:2205.14889)","Jiang+2022 Table 2 (arXiv:2205.14889): 02:36:10.52 -03:10:59.0, converted; matches TNS",Jiang+2022: discovered UT 2020 December 11.31 = MJD 59194.31; TNS discovery 2020-12-11 07:26:24,"Jiang+2022 (spec-z, host)",misc_surveys,VERIFIED,"Fast blue ultraluminous transient; rest-UV rise 5-6 d; M_g,peak=-22.72+/-0.10; earliest-discovered FBUT; Subaru/HSC MUSSES2020 campaign",B1,spectroscopically classified rapid transient (FBUT),subday,10,comparison
SN 2021lwz,,146.19746,34.71228,2021-05-10T00:00:00.000,642297605.00,day,y,discovery,2021-05-10,UTC-ISO,0.065,,FBOT_candidate,SN_Ic/IcBL,n,,,y,"Poidevin et al. 2025, arXiv:2510.09569 (submitted)","Poidevin et al. (arXiv:2510.09569): R.A.=09h44m47.390s Dec=+34d42m44.21s, converted",Poidevin et al. (arXiv:2510.09569): discovered 2021 May 10; peak MJD 59350.9+/-1.0,arXiv:2510.09569 (spec),misc_surveys,VERIFIED,Overluminous (M_g~-20.1) fast-evolving intermediate Ic/Ic-BL; paper compares with LFBOTs but concludes it differs in nature from AT2020xnd class,B1,spectroscopically classified rapid transient (SN_Ic/IcBL),day,100000,comparison
AT2022aedm,ATLAS22bonw,169.864988397,3.10952128955,2022-12-30T07:49:34.176,694079379.18,subday,y,discovery,2022-12-30T07:49:34.176,UTC-ISO,0.14343,massive elliptical host; offset ~4-10 kpc (LFC class),FBOT_candidate,LFC_luminous_fast_cooler,n,n,n,y,Nicholl+2023 arXiv:2307.02556 (ApJL 954 L28),TNS object page,TNS object page,TNS object page (SDSS spec-z per Nicholl+2023),misc_surveys;recent_sweep,VERIFIED,"ATLAS discovery; rise 9+/-1 d, M_g~-22, faded 2 mag in 15 d; X-ray+radio rule out AT2018cow-like relativistic explosion; prototype of new ""luminous fast-cooler"" (LFC) class with Dougie (z=0.191) and AT2020bot",B1,spectroscopically classified rapid transient (LFC_luminous_fast_cooler),subday,10,comparison
AT2024gsa,"EP240414a, PS24brk",191.506952406,-9.71913335243,2024-04-14T12:50:24.000,734791829.00,subday,y,discovery,2024-04-14T12:50:24,UTC-ISO,0.40,25.7 kpc projected offset from massive host,FBOT_candidate,FXT-LFBOT_link,n,,y,y,van Dalen+2024 arXiv:2409.19056; Srivastav+2024 arXiv:2409.19070,TNS object page,TNS object page,van Dalen+2024 arXiv:2409.19056,recent_sweep,VERIFIED,"Einstein Probe FXT (L_X~1e48 erg/s) with no gamma-ray counterpart; three optical emission episodes (M_R~-20,-21,-19.5 on ~1,4,15 d); extremely blue early spectrum LFBOT-like; late spectrum broad-lined Ic SN; radio not stated in fetched abstract",B1,spectroscopically classified rapid transient (FXT-LFBOT_link),subday,10,comparison
AT2024puz,ZTF24aawjvjv,262.8360445,53.4041512,2024-07-18T05:18:26.003,742972711.00,subday,y,discovery,2024-07-18T05:18:26.003,UTC-ISO,0.356,offset 5 kpc from ~1e8 Msun host,FBOT_candidate,LFBOT-TDE_intermediate,n,n,y,,Somalwar+2025 arXiv:2505.11597 (ZTF hot offset-flare search; first discovery),TNS object page,TNS object page,Somalwar+2025 arXiv:2505.11597,recent_sweep,VERIFIED,"L_opt/UV=1e44.79 erg/s on ~20 d timescale; L_X=1e44.12 erg/s Gamma=1.7; no radio/mm detection; ""properties similar to both LFBOTs and TDEs but intermediate""; possible 50-1e5 Msun BH accretion event",B2,photometric rapidly-evolving transient,subday,10,comparison
AT2026nik,ZTF26aaxutnf,170.7171647,-6.2219011,2026-05-22T04:48:17.997,801118103.00,subday,y,discovery,2026-05-22T04:48:17.997,UTC-ISO,0.182,tentative; narrow Mg II absorption,FBOT_candidate,LFBOT_candidate,n,,y,y,TNS AstroNotes 2026-152 2026-174,TNS object page,TNS object page (first ZTF detection MJD 61182.2; earlier ATLAS detection MJD 61180.0 per AstroNote 2026-152),TNS object page + AstroNote 2026-152,recent_sweep,VERIFIED,">1 mag rise in 2 d, g-r~-0.5, blue featureless NGPS spectrum (AstroNote 2026-152); EP-FXT 4.7-sigma X-ray detection photon index 2.45+/-0.65 (AstroNote 2026-174); radio status unknown",B1,spectroscopically classified rapid transient (LFBOT_candidate),subday,10,comparison
DES13C1acmt,,54.32913,-26.83361,,,,,,,,0.61,host photometric redshift,FBOT_survey,bronze,n,,,n,"Pursiainen+2018 MNRAS 481,894 (arXiv:1803.04869)","VizieR J/MNRAS/481/894/table4 (Pursiainen+2018 Table 4, J2000 sexagesimal converted)",,"photo (host galaxy, DES photo-z Bonnett+2016; VizieR J/MNRAS/481/894/table3)",pursiainen18_des,PARTIAL,no tabulated time anchor: light-curve params (t_peak) published only for gold/silver samples; bronze light curves shown only as figures,B3,poorly anchored (position-only / pre-Fermi),none,,persistent_or_excluded
DES13C3abtt,,52.62046,-28.16170,,,,,,,,0.58,host photometric redshift,FBOT_survey,bronze,n,,,n,"Pursiainen+2018 MNRAS 481,894 (arXiv:1803.04869)","VizieR J/MNRAS/481/894/table4 (Pursiainen+2018 Table 4, J2000 sexagesimal converted)",,"photo (host galaxy, DES photo-z Bonnett+2016; VizieR J/MNRAS/481/894/table3)",pursiainen18_des,PARTIAL,host candidate quasi-stellar (VizieR table3 flag *); no tabulated time anchor: light-curve params (t_peak) published only for gold/silver samples; bronze light curves shown only as figures,B3,poorly anchored (position-only / pre-Fermi),none,,persistent_or_excluded
DES13C3asvu,,52.83675,-27.36080,,,,,,,,0.83,host photometric redshift,FBOT_survey,bronze,n,,,n,"Pursiainen+2018 MNRAS 481,894 (arXiv:1803.04869)","VizieR J/MNRAS/481/894/table4 (Pursiainen+2018 Table 4, J2000 sexagesimal converted)",,"photo (host galaxy, DES photo-z Bonnett+2016; VizieR J/MNRAS/481/894/table3)",pursiainen18_des,PARTIAL,host candidate quasi-stellar (VizieR table3 flag *); no tabulated time anchor: light-curve params (t_peak) published only for gold/silver samples; bronze light curves shown only as figures,B3,poorly anchored (position-only / pre-Fermi),none,,persistent_or_excluded
DES13C3avkj,,51.97071,-27.52802,,,,,,,,0.96,host photometric redshift,FBOT_survey,bronze,n,,,n,"Pursiainen+2018 MNRAS 481,894 (arXiv:1803.04869)","VizieR J/MNRAS/481/894/table4 (Pursiainen+2018 Table 4, J2000 sexagesimal converted)",,"photo (host galaxy, DES photo-z Bonnett+2016; VizieR J/MNRAS/481/894/table3)",pursiainen18_des,PARTIAL,no tabulated time anchor: light-curve params (t_peak) published only for gold/silver samples; bronze light curves shown only as figures,B3,poorly anchored (position-only / pre-Fermi),none,,persistent_or_excluded
DES13C3nxi,,51.96342,-28.35728,,,,,,,,0.60,host photometric redshift,FBOT_survey,bronze,n,,,n,"Pursiainen+2018 MNRAS 481,894 (arXiv:1803.04869)","VizieR J/MNRAS/481/894/table4 (Pursiainen+2018 Table 4, J2000 sexagesimal converted)",,"photo (host galaxy, DES photo-z Bonnett+2016; VizieR J/MNRAS/481/894/table3)",pursiainen18_des,PARTIAL,no tabulated time anchor: light-curve params (t_peak) published only for gold/silver samples; bronze light curves shown only as figures,B3,poorly anchored (position-only / pre-Fermi),none,,persistent_or_excluded
DES13C3smn,,51.97117,-28.08359,,,,,,,,1.50,host photometric redshift,FBOT_survey,bronze,n,,,n,"Pursiainen+2018 MNRAS 481,894 (arXiv:1803.04869)","VizieR J/MNRAS/481/894/table4 (Pursiainen+2018 Table 4, J2000 sexagesimal converted)",,"photo (host galaxy, DES photo-z Bonnett+2016; VizieR J/MNRAS/481/894/table3)",pursiainen18_des,PARTIAL,no tabulated time anchor: light-curve params (t_peak) published only for gold/silver samples; bronze light curves shown only as figures,B3,poorly anchored (position-only / pre-Fermi),none,,persistent_or_excluded
DES13X2oyb,,35.31063,-5.67890,,,,,,,,1.27,host photometric redshift,FBOT_survey,bronze,n,,,n,"Pursiainen+2018 MNRAS 481,894 (arXiv:1803.04869)","VizieR J/MNRAS/481/894/table4 (Pursiainen+2018 Table 4, J2000 sexagesimal converted)",,"photo (host galaxy, DES photo-z Bonnett+2016; VizieR J/MNRAS/481/894/table3)",pursiainen18_des,PARTIAL,no tabulated time anchor: light-curve params (t_peak) published only for gold/silver samples; bronze light curves shown only as figures,B3,poorly anchored (position-only / pre-Fermi),none,,persistent_or_excluded
DES13X3aakf,,35.71183,-4.69917,,,,,,,,1.18,host photometric redshift,FBOT_survey,bronze,n,,,n,"Pursiainen+2018 MNRAS 481,894 (arXiv:1803.04869)","VizieR J/MNRAS/481/894/table4 (Pursiainen+2018 Table 4, J2000 sexagesimal converted)",,"photo (host galaxy, DES photo-z Bonnett+2016; VizieR J/MNRAS/481/894/table3)",pursiainen18_des,PARTIAL,no tabulated time anchor: light-curve params (t_peak) published only for gold/silver samples; bronze light curves shown only as figures,B3,poorly anchored (position-only / pre-Fermi),none,,persistent_or_excluded
DES13X3afjd,,37.00129,-4.58316,,,,,,,,,no host redshift (no host detected/associated in Pursiainen+2018 Table 3),FBOT_survey,bronze,n,,,n,"Pursiainen+2018 MNRAS 481,894 (arXiv:1803.04869)","VizieR J/MNRAS/481/894/table4 (Pursiainen+2018 Table 4, J2000 sexagesimal converted)",,,pursiainen18_des,PARTIAL,no tabulated time anchor: light-curve params (t_peak) published only for gold/silver samples; bronze light curves shown only as figures,B3,poorly anchored (position-only / pre-Fermi),none,,persistent_or_excluded
DES13X3alnb,,37.18496,-5.14235,,,,,,,,0.68,host photometric redshift,FBOT_survey,bronze,n,,,n,"Pursiainen+2018 MNRAS 481,894 (arXiv:1803.04869)","VizieR J/MNRAS/481/894/table4 (Pursiainen+2018 Table 4, J2000 sexagesimal converted)",,"photo (host galaxy, DES photo-z Bonnett+2016; VizieR J/MNRAS/481/894/table3)",pursiainen18_des,PARTIAL,no tabulated time anchor: light-curve params (t_peak) published only for gold/silver samples; bronze light curves shown only as figures,B3,poorly anchored (position-only / pre-Fermi),none,,persistent_or_excluded
DES13X3kgm,,36.50383,-4.86647,,,,,,,,,no host redshift (no host detected/associated in Pursiainen+2018 Table 3),FBOT_survey,bronze,n,,,n,"Pursiainen+2018 MNRAS 481,894 (arXiv:1803.04869)","VizieR J/MNRAS/481/894/table4 (Pursiainen+2018 Table 4, J2000 sexagesimal converted)",,,pursiainen18_des,PARTIAL,no tabulated time anchor: light-curve params (t_peak) published only for gold/silver samples; bronze light curves shown only as figures,B3,poorly anchored (position-only / pre-Fermi),none,,persistent_or_excluded
DES14C1jnd,,54.35150,-27.49306,,,,,,,,0.43,host photometric redshift,FBOT_survey,bronze,n,,,n,"Pursiainen+2018 MNRAS 481,894 (arXiv:1803.04869)","VizieR J/MNRAS/481/894/table4 (Pursiainen+2018 Table 4, J2000 sexagesimal converted)",,"photo (host galaxy, DES photo-z Bonnett+2016; VizieR J/MNRAS/481/894/table3)",pursiainen18_des,PARTIAL,no tabulated time anchor: light-curve params (t_peak) published only for gold/silver samples; bronze light curves shown only as figures,B3,poorly anchored (position-only / pre-Fermi),none,,persistent_or_excluded
DES14C3htq,,52.57225,-27.69628,,,,,,,,,no host redshift (no host detected/associated in Pursiainen+2018 Table 3),FBOT_survey,bronze,n,,,n,"Pursiainen+2018 MNRAS 481,894 (arXiv:1803.04869)","VizieR J/MNRAS/481/894/table4 (Pursiainen+2018 Table 4, J2000 sexagesimal converted)",,,pursiainen18_des,PARTIAL,no tabulated time anchor: light-curve params (t_peak) published only for gold/silver samples; bronze light curves shown only as figures,B3,poorly anchored (position-only / pre-Fermi),none,,persistent_or_excluded
DES14E2bfx,,10.66908,-44.41823,,,,,,,,,no host redshift (no host detected/associated in Pursiainen+2018 Table 3),FBOT_survey,bronze,n,,,n,"Pursiainen+2018 MNRAS 481,894 (arXiv:1803.04869)","VizieR J/MNRAS/481/894/table4 (Pursiainen+2018 Table 4, J2000 sexagesimal converted)",,,pursiainen18_des,PARTIAL,no tabulated time anchor: light-curve params (t_peak) published only for gold/silver samples; bronze light curves shown only as figures,B3,poorly anchored (position-only / pre-Fermi),none,,persistent_or_excluded
DES14E2xsm,,9.67612,-43.58725,,,,,,,,0.66,host photometric redshift,FBOT_survey,bronze,n,,,n,"Pursiainen+2018 MNRAS 481,894 (arXiv:1803.04869)","VizieR J/MNRAS/481/894/table4 (Pursiainen+2018 Table 4, J2000 sexagesimal converted)",,"photo (host galaxy, DES photo-z Bonnett+2016; VizieR J/MNRAS/481/894/table3)",pursiainen18_des,PARTIAL,no tabulated time anchor: light-curve params (t_peak) published only for gold/silver samples; bronze light curves shown only as figures,B3,poorly anchored (position-only / pre-Fermi),none,,persistent_or_excluded
DES14X1qzg,,34.93187,-5.44191,,,,,,,,,no host redshift (no host detected/associated in Pursiainen+2018 Table 3),FBOT_survey,bronze,n,,,n,"Pursiainen+2018 MNRAS 481,894 (arXiv:1803.04869)","VizieR J/MNRAS/481/894/table4 (Pursiainen+2018 Table 4, J2000 sexagesimal converted)",,,pursiainen18_des,PARTIAL,no tabulated time anchor: light-curve params (t_peak) published only for gold/silver samples; bronze light curves shown only as figures,B3,poorly anchored (position-only / pre-Fermi),none,,persistent_or_excluded
DES14X3pko,,36.90813,-3.69563,,,,,,,,,no host redshift (no host detected/associated in Pursiainen+2018 Table 3),FBOT_survey,bronze,n,,,n,"Pursiainen+2018 MNRAS 481,894 (arXiv:1803.04869)","VizieR J/MNRAS/481/894/table4 (Pursiainen+2018 Table 4, J2000 sexagesimal converted)",,,pursiainen18_des,PARTIAL,no tabulated time anchor: light-curve params (t_peak) published only for gold/silver samples; bronze light curves shown only as figures,B3,poorly anchored (position-only / pre-Fermi),none,,persistent_or_excluded
DES15C3edw,,52.55246,-27.70970,,,,,,,,0.33,host photometric redshift,FBOT_survey,bronze,n,,,n,"Pursiainen+2018 MNRAS 481,894 (arXiv:1803.04869)","VizieR J/MNRAS/481/894/table4 (Pursiainen+2018 Table 4, J2000 sexagesimal converted)",,"photo (host galaxy, DES photo-z Bonnett+2016; VizieR J/MNRAS/481/894/table3)",pursiainen18_des,PARTIAL,no tabulated time anchor: light-curve params (t_peak) published only for gold/silver samples; bronze light curves shown only as figures,B3,poorly anchored (position-only / pre-Fermi),none,,persistent_or_excluded
DES15C3mfu,,52.15033,-28.73889,,,,,,,,,no host redshift (no host detected/associated in Pursiainen+2018 Table 3),FBOT_survey,bronze,n,,,n,"Pursiainen+2018 MNRAS 481,894 (arXiv:1803.04869)","VizieR J/MNRAS/481/894/table4 (Pursiainen+2018 Table 4, J2000 sexagesimal converted)",,,pursiainen18_des,PARTIAL,no tabulated time anchor: light-curve params (t_peak) published only for gold/silver samples; bronze light curves shown only as figures,B3,poorly anchored (position-only / pre-Fermi),none,,persistent_or_excluded
DES15C3pbi,,52.23617,-28.00222,,,,,,,,1.06,host photometric redshift,FBOT_survey,bronze,n,,,n,"Pursiainen+2018 MNRAS 481,894 (arXiv:1803.04869)","VizieR J/MNRAS/481/894/table4 (Pursiainen+2018 Table 4, J2000 sexagesimal converted)",,"photo (host galaxy, DES photo-z Bonnett+2016; VizieR J/MNRAS/481/894/table3)",pursiainen18_des,PARTIAL,host candidate quasi-stellar (VizieR table3 flag *); no tabulated time anchor: light-curve params (t_peak) published only for gold/silver samples; bronze light curves shown only as figures,B3,poorly anchored (position-only / pre-Fermi),none,,persistent_or_excluded
DES15E2lmq,,9.62008,-43.98723,,,,,,,,1.14,host photometric redshift,FBOT_survey,bronze,n,,,n,"Pursiainen+2018 MNRAS 481,894 (arXiv:1803.04869)","VizieR J/MNRAS/481/894/table4 (Pursiainen+2018 Table 4, J2000 sexagesimal converted)",,"photo (host galaxy, DES photo-z Bonnett+2016; VizieR J/MNRAS/481/894/table3)",pursiainen18_des,PARTIAL,no tabulated time anchor: light-curve params (t_peak) published only for gold/silver samples; bronze light curves shown only as figures,B3,poorly anchored (position-only / pre-Fermi),none,,persistent_or_excluded
DES15X3atd,,35.84017,-4.29137,,,,,,,,1.19,host photometric redshift,FBOT_survey,bronze,n,,,n,"Pursiainen+2018 MNRAS 481,894 (arXiv:1803.04869)","VizieR J/MNRAS/481/894/table4 (Pursiainen+2018 Table 4, J2000 sexagesimal converted)",,"photo (host galaxy, DES photo-z Bonnett+2016; VizieR J/MNRAS/481/894/table3)",pursiainen18_des,PARTIAL,no tabulated time anchor: light-curve params (t_peak) published only for gold/silver samples; bronze light curves shown only as figures,B3,poorly anchored (position-only / pre-Fermi),none,,persistent_or_excluded
DES15X3kyt,,36.27492,-5.41101,,,,,,,,1.50,host photometric redshift,FBOT_survey,bronze,n,,,n,"Pursiainen+2018 MNRAS 481,894 (arXiv:1803.04869)","VizieR J/MNRAS/481/894/table4 (Pursiainen+2018 Table 4, J2000 sexagesimal converted)",,"photo (host galaxy, DES photo-z Bonnett+2016; VizieR J/MNRAS/481/894/table3)",pursiainen18_des,PARTIAL,no tabulated time anchor: light-curve params (t_peak) published only for gold/silver samples; bronze light curves shown only as figures,B3,poorly anchored (position-only / pre-Fermi),none,,persistent_or_excluded
DES15X3nlv,,36.04458,-5.02735,,,,,,,,1.07,host photometric redshift,FBOT_survey,bronze,n,,,n,"Pursiainen+2018 MNRAS 481,894 (arXiv:1803.04869)","VizieR J/MNRAS/481/894/table4 (Pursiainen+2018 Table 4, J2000 sexagesimal converted)",,"photo (host galaxy, DES photo-z Bonnett+2016; VizieR J/MNRAS/481/894/table3)",pursiainen18_des,PARTIAL,no tabulated time anchor: light-curve params (t_peak) published only for gold/silver samples; bronze light curves shown only as figures,B3,poorly anchored (position-only / pre-Fermi),none,,persistent_or_excluded
DES15X3oma,,36.74612,-5.11047,,,,,,,,0.67,host photometric redshift,FBOT_survey,bronze,n,,,n,"Pursiainen+2018 MNRAS 481,894 (arXiv:1803.04869)","VizieR J/MNRAS/481/894/table4 (Pursiainen+2018 Table 4, J2000 sexagesimal converted)",,"photo (host galaxy, DES photo-z Bonnett+2016; VizieR J/MNRAS/481/894/table3)",pursiainen18_des,PARTIAL,no tabulated time anchor: light-curve params (t_peak) published only for gold/silver samples; bronze light curves shown only as figures,B3,poorly anchored (position-only / pre-Fermi),none,,persistent_or_excluded
DES16C1bde,,54.30142,-26.75831,,,,,,,,0.97,host photometric redshift,FBOT_survey,bronze,n,,,n,"Pursiainen+2018 MNRAS 481,894 (arXiv:1803.04869)","VizieR J/MNRAS/481/894/table4 (Pursiainen+2018 Table 4, J2000 sexagesimal converted)",,"photo (host galaxy, DES photo-z Bonnett+2016; VizieR J/MNRAS/481/894/table3)",pursiainen18_des,PARTIAL,no tabulated time anchor: light-curve params (t_peak) published only for gold/silver samples; bronze light curves shown only as figures,B3,poorly anchored (position-only / pre-Fermi),none,,persistent_or_excluded
DES16C2grk,,55.06813,-29.28894,,,,,,,,0.36,host photometric redshift,FBOT_survey,bronze,n,,,n,"Pursiainen+2018 MNRAS 481,894 (arXiv:1803.04869)","VizieR J/MNRAS/481/894/table4 (Pursiainen+2018 Table 4, J2000 sexagesimal converted)",,"photo (host galaxy, DES photo-z Bonnett+2016; VizieR J/MNRAS/481/894/table3)",pursiainen18_des,PARTIAL,no tabulated time anchor: light-curve params (t_peak) published only for gold/silver samples; bronze light curves shown only as figures,B3,poorly anchored (position-only / pre-Fermi),none,,persistent_or_excluded
DES16C3auv,,51.90213,-27.59092,,,,,,,,0.98,host photometric redshift,FBOT_survey,bronze,n,,,n,"Pursiainen+2018 MNRAS 481,894 (arXiv:1803.04869)","VizieR J/MNRAS/481/894/table4 (Pursiainen+2018 Table 4, J2000 sexagesimal converted)",,"photo (host galaxy, DES photo-z Bonnett+2016; VizieR J/MNRAS/481/894/table3)",pursiainen18_des,PARTIAL,no tabulated time anchor: light-curve params (t_peak) published only for gold/silver samples; bronze light curves shown only as figures,B3,poorly anchored (position-only / pre-Fermi),none,,persistent_or_excluded
DES16C3cdd,,52.42721,-27.14319,,,,,,,,1.40,host photometric redshift,FBOT_survey,bronze,n,,,n,"Pursiainen+2018 MNRAS 481,894 (arXiv:1803.04869)","VizieR J/MNRAS/481/894/table4 (Pursiainen+2018 Table 4, J2000 sexagesimal converted)",,"photo (host galaxy, DES photo-z Bonnett+2016; VizieR J/MNRAS/481/894/table3)",pursiainen18_des,PARTIAL,no tabulated time anchor: light-curve params (t_peak) published only for gold/silver samples; bronze light curves shown only as figures,B3,poorly anchored (position-only / pre-Fermi),none,,persistent_or_excluded
DES16S2fqu,,41.77475,-0.34733,,,,,,,,,no host redshift (no host detected/associated in Pursiainen+2018 Table 3),FBOT_survey,bronze,n,,,n,"Pursiainen+2018 MNRAS 481,894 (arXiv:1803.04869)","VizieR J/MNRAS/481/894/table4 (Pursiainen+2018 Table 4, J2000 sexagesimal converted)",,,pursiainen18_des,PARTIAL,no tabulated time anchor: light-curve params (t_peak) published only for gold/silver samples; bronze light curves shown only as figures,B3,poorly anchored (position-only / pre-Fermi),none,,persistent_or_excluded
DES16X1ddm,,33.82867,-4.36446,,,,,,,,0.38,host photometric redshift,FBOT_survey,bronze,n,,,n,"Pursiainen+2018 MNRAS 481,894 (arXiv:1803.04869)","VizieR J/MNRAS/481/894/table4 (Pursiainen+2018 Table 4, J2000 sexagesimal converted)",,"photo (host galaxy, DES photo-z Bonnett+2016; VizieR J/MNRAS/481/894/table3)",pursiainen18_des,PARTIAL,no tabulated time anchor: light-curve params (t_peak) published only for gold/silver samples; bronze light curves shown only as figures,B3,poorly anchored (position-only / pre-Fermi),none,,persistent_or_excluded
DES16X2bke,,36.00958,-7.27163,,,,,,,,0.90,host photometric redshift,FBOT_survey,bronze,n,,,n,"Pursiainen+2018 MNRAS 481,894 (arXiv:1803.04869)","VizieR J/MNRAS/481/894/table4 (Pursiainen+2018 Table 4, J2000 sexagesimal converted)",,"photo (host galaxy, DES photo-z Bonnett+2016; VizieR J/MNRAS/481/894/table3)",pursiainen18_des,PARTIAL,no tabulated time anchor: light-curve params (t_peak) published only for gold/silver samples; bronze light curves shown only as figures,B3,poorly anchored (position-only / pre-Fermi),none,,persistent_or_excluded
DES16X3ddi,,35.43913,-4.68582,,,,,,,,0.91,host photometric redshift,FBOT_survey,bronze,n,,,n,"Pursiainen+2018 MNRAS 481,894 (arXiv:1803.04869)","VizieR J/MNRAS/481/894/table4 (Pursiainen+2018 Table 4, J2000 sexagesimal converted)",,"photo (host galaxy, DES photo-z Bonnett+2016; VizieR J/MNRAS/481/894/table3)",pursiainen18_des,PARTIAL,no tabulated time anchor: light-curve params (t_peak) published only for gold/silver samples; bronze light curves shown only as figures,B3,poorly anchored (position-only / pre-Fermi),none,,persistent_or_excluded
DES16X3erw,,36.20546,-4.51429,,,,,,,,0.40,host photometric redshift,FBOT_survey,bronze,n,,,n,"Pursiainen+2018 MNRAS 481,894 (arXiv:1803.04869)","VizieR J/MNRAS/481/894/table4 (Pursiainen+2018 Table 4, J2000 sexagesimal converted)",,"photo (host galaxy, DES photo-z Bonnett+2016; VizieR J/MNRAS/481/894/table3)",pursiainen18_des,PARTIAL,no tabulated time anchor: light-curve params (t_peak) published only for gold/silver samples; bronze light curves shown only as figures,B3,poorly anchored (position-only / pre-Fermi),none,,persistent_or_excluded
DES16X3wt,,36.23742,-5.54505,,,,,,,,,no host redshift (no host detected/associated in Pursiainen+2018 Table 3),FBOT_survey,bronze,n,,,n,"Pursiainen+2018 MNRAS 481,894 (arXiv:1803.04869)","VizieR J/MNRAS/481/894/table4 (Pursiainen+2018 Table 4, J2000 sexagesimal converted)",,,pursiainen18_des,PARTIAL,no tabulated time anchor: light-curve params (t_peak) published only for gold/silver samples; bronze light curves shown only as figures,B3,poorly anchored (position-only / pre-Fermi),none,,persistent_or_excluded
